motif,counts,distance,mds,ks_stat,pval_distance,pval_mds,pval_ks
HO_RARB_HUMAN.H10MO.D,18618.0,17.0947226376,-0.0349801577675,0.0371734839561,0.173657106395,2.80371281747e-11,4.97860965876e-06
HO_SOX18_HUMAN.H10MO.D,1654.0,98.5921119494,-0.102329250036,0.123233093736,0.0101460437204,4.69334997533e-08,6.17215743581e-06
HO_IKZF1_HUMAN.H10MO.C,50493.0,8.91512549487,-0.0183738247221,0.0191302359153,0.254136509885,2.79749112764e-10,0.000191112332089
HO_P63_HUMAN.H10MO.A,376.0,-174.872642368,0.187995337995,0.208690528797,0.0159901533228,0.000224266902407,0.000591783550482
HO_MNT_HUMAN.H10MO.D,7438.0,36.4741799038,-0.011364070173,0.0462732257182,0.0483527868202,0.147026429414,0.000666682459994
HO_RARG_HUMAN.H10MO.S,34514.0,12.0270506805,-0.0186732415441,0.0203746880124,0.199451768905,1.80596749555e-07,0.00152356277675
HO_SOX13_HUMAN.H10MO.D,13870.0,24.1749630743,-0.0138940200671,0.0306021547667,0.107239675295,0.00366222138453,0.00294591519189
HO_P53_HUMAN.H10MO.B,325.0,-163.387973623,0.173046060022,0.199756097561,0.0360179427527,0.0021489768072,0.00380670486998
HO_P73_HUMAN.H10MO.A,1503.0,-56.8806411912,0.0786441042941,0.0860071108808,0.19267745912,0.000182100960673,0.00777740653959
HO_RARA_HUMAN.H10MO.S,48132.0,7.60707710206,-0.013149686334,0.0140987555136,0.338206816351,8.36500452794e-06,0.0165770383768
HO_TBX15_HUMAN.H10MO.D,9069.0,26.2111329491,-0.00824892390749,0.0320471099046,0.0854857026992,0.333821367903,0.018564222909
HO_LHX4_HUMAN.H10MO.D,2244.0,-26.3263095106,-0.00274608521999,0.0627069009422,0.499285707981,0.741594260015,0.0232526954202
HO_FOXL1_HUMAN.H10MO.D,11331.0,-9.2126367109,-0.00647756716639,0.027532829088,0.586255861207,0.151062198145,0.0267775984269
HO_ETV2_HUMAN.H10MO.D,4122.0,34.4858800491,-0.0323606977357,0.0447680389105,0.19109678569,0.000855886192642,0.0312274509407
HO_FOSB_HUMAN.H10MO.C,1347.0,36.7225772295,-0.0514101602154,0.0764551986082,0.311643390778,0.0551289218123,0.0373264690086
HO_PRRX2_HUMAN.H10MO.C,40864.0,-11.3303134342,0.00510764109056,0.0138693362964,0.209585874587,0.0229371429253,0.0389506849643
HO_ONEC2_HUMAN.H10MO.D,1597.0,-49.5605697495,0.0219095940959,0.0682357234081,0.281549768314,0.047339823203,0.0466209325482
HO_NR1I2_HUMAN.H10MO.S,14447.0,-19.1005940521,0.00275647962757,0.0224930879593,0.199057630733,0.522701380395,0.0510292673336
HO_GATA6_HUMAN.H10MO.S,65603.0,-6.82332506377,0.00438249565859,0.0105068040091,0.335753851932,0.0186961608152,0.0532076872151
HO_SP2_HUMAN.H10MO.C,12313.0,-13.9660386759,0.0166445736066,0.0240049821392,0.0820061274858,0.0611041161293,0.0568176009437
HO_SOX5_HUMAN.H10MO.C,15763.0,-14.3765485171,-0.000608108828233,0.0209391041146,0.322450739264,0.864289882635,0.0623343929417
HO_IRF9_HUMAN.H10MO.C,416.0,-79.2341027944,0.0135035146134,0.125627436789,0.351519893449,0.647671157534,0.0701484545986
HO_ZBTB4_HUMAN.H10MO.D,73.0,122.484058441,-0.03003003003,0.296031746032,0.495665185847,0.663082969837,0.0715884172028
HO_FOXG1_HUMAN.H10MO.D,14036.0,-6.16018265808,-0.00588488951913,0.0216224261502,0.684068700554,0.147831880865,0.0742114427095
HO_CEBPG_HUMAN.H10MO.C,824.0,-46.0250664608,0.0072217502124,0.0880147037026,0.455514728667,0.72348816138,0.0786411177227
HO_VDR_HUMAN.H10MO.S,98731.0,6.21750275463,-0.00605093043819,0.00807128686452,0.259939041945,0.00326987934398,0.0799247205914
HO_THA_HUMAN.H10MO.C,9566.0,6.87633504152,-0.0233825113058,0.0256969801018,0.705463309814,0.000395114655809,0.0838328567019
HO_NR1I3_HUMAN.H10MO.S,11500.0,-19.2667182926,0.0040492173575,0.0230360249596,0.248778103921,0.395365880465,0.0933559326979
HO_COT2_HUMAN.H10MO.A,701.0,33.4692951447,0.0365692788743,0.0921151767288,0.591956636268,0.0928672095884,0.0973574133442
HO_HXA11_HUMAN.H10MO.D,1707.0,-37.5375297283,0.013478030151,0.0587363924487,0.408428818421,0.148983937662,0.102325428606
HO_ARX_HUMAN.H10MO.D,430.0,78.43691998,0.00748658473256,0.116212025247,0.377875858567,0.753085517334,0.103312666451
HO_HXC10_HUMAN.H10MO.D,7880.0,18.9508986658,-0.00848741945407,0.0272925156248,0.350141087682,0.136629091942,0.104644853509
HO_ZN148_HUMAN.H10MO.D,8716.0,15.8430080941,-0.00684626393659,0.0259218608135,0.298539017175,0.433755030152,0.105409454808
HO_TFDP1_HUMAN.H10MO.D,11094.0,-8.1510684563,0.0182848896411,0.022982011534,0.375710538052,0.049205132822,0.105526565017
HO_HXD4_HUMAN.H10MO.D,9063.0,-15.3565191648,0.00258791265741,0.0253912796021,0.425086792838,0.578567158044,0.106202994176
HO_TBX5_HUMAN.H10MO.D,10406.0,0.9173318866,-0.0204912167722,0.0236719345365,0.958717498335,0.000423742279001,0.107056175332
HO_SMAD4_HUMAN.H10MO.C,420.0,-97.596925859,0.0324405370408,0.116055045872,0.272389046354,0.183055246983,0.112006691365
HO_PDX1_HUMAN.H10MO.C,1171.0,-46.8785409601,0.0157438043053,0.0695703344576,0.390799735435,0.199058406739,0.11333227846
HO_LHX3_HUMAN.H10MO.C,1781.0,-16.4169822317,-0.0026786592579,0.0558589098962,0.704025391455,0.775584944948,0.120589450885
HO_NFKB1_HUMAN.H10MO.B,294.0,60.7004344662,-0.0207936876305,0.136175418784,0.466014593367,0.650325053375,0.123551541757
HO_EVX1_HUMAN.H10MO.D,773.0,-47.0041570982,0.0210202168965,0.0840398901809,0.476630025097,0.142413768384,0.124913708202
HO_HBP1_HUMAN.H10MO.D,3250.0,-24.7512028037,0.0128601759175,0.0411080376153,0.43469925371,0.110142452321,0.125908357137
HO_SOX15_HUMAN.H10MO.D,45002.0,6.02582345077,-0.00580537268208,0.0110168179596,0.467680047899,0.0290351441138,0.129522730395
HO_ZN232_HUMAN.H10MO.D,36.0,208.529495854,0.0285714285714,0.385714285714,0.486860410759,0.759765825978,0.130627500833
HO_TAL1_HUMAN.H10MO.A,465.0,55.912851271,-0.0311059907834,0.107418653471,0.458420140963,0.271392938919,0.131163844923
HO_ATOH1_HUMAN.H10MO.D,425.0,64.5361547338,-0.0045045045045,0.112811533564,0.464705245325,0.802962991022,0.132443241609
HO_DDIT3_HUMAN.H10MO.C,191.0,78.6759155226,-0.0203947368421,0.165397536394,0.52720638478,0.526934244982,0.135935069862
HO_EHF_HUMAN.H10MO.C,5428.0,14.5137694103,-0.00256915290788,0.0311993459715,0.535221345721,0.773517842034,0.140389353795
HO_NOTO_HUMAN.H10MO.D,392.0,-51.3261349566,0.00802773216566,0.114967347799,0.570463756387,0.644774628567,0.142248694267
HO_MAZ_HUMAN.H10MO.A,15949.0,1.48252618503,0.0166110084692,0.0180650694684,0.865663879993,0.0272565473369,0.146805998146
HO_SOX17_HUMAN.H10MO.D,182.0,-87.0690350343,0.010989010989,0.166666666667,0.513936919891,0.732430719425,0.148086628339
HO_TBR1_HUMAN.H10MO.D,215.0,89.6139648655,-0.0106666666667,0.154856832186,0.49535938596,0.746145895223,0.151593507705
HO_EPAS1_HUMAN.H10MO.D,1102.0,-37.5584851942,0.00240454293921,0.0678499525606,0.462657149163,0.899497937839,0.152890886034
HO_NF2L1_HUMAN.H10MO.C,28574.0,-7.01243211675,0.00504704167495,0.0133949921488,0.498960136019,0.16068197348,0.153021873243
HO_MAFA_HUMAN.H10MO.D,522.0,-50.1764466161,-0.00575860853214,0.098325709464,0.518559800344,0.831720353035,0.15310723172
HO_PAX5_HUMAN.H10MO.S,44970.0,6.27177102071,-0.00107565093829,0.010623084799,0.443046221935,0.743076519252,0.157307107559
HO_NRF1_HUMAN.H10MO.A,1394.0,10.8684477861,-0.0206947097964,0.0599523057388,0.374156784375,0.403532137631,0.158432353796
HO_ARI3A_HUMAN.H10MO.D,5789.0,14.0823106701,-0.00221243004694,0.0293202728512,0.554475573447,0.718120109836,0.163494548233
HO_MEIS2_HUMAN.H10MO.B,349.0,49.3816026769,-0.000823994726434,0.117164577221,0.609911664069,0.972987285054,0.174070489095
HO_PO4F3_HUMAN.H10MO.D,312.0,95.6739032428,-0.0222341170173,0.123206539873,0.359773170191,0.30769203905,0.177830048039
HO_JUND_HUMAN.H10MO.A,685.0,55.096688061,-0.056222977938,0.0832402234637,0.299274150128,0.137774526802,0.179967854771
HO_CTCFL_HUMAN.H10MO.A,1223.0,16.6747290024,-0.0534329077331,0.0620031796502,0.492151873449,0.052912818837,0.185159886557
HO_CLOCK_HUMAN.H10MO.D,1205.0,-43.0833867197,0.0489871847871,0.0623759145684,0.31596337135,0.0401350727366,0.186158563444
HO_TLX1_HUMAN.H10MO.D,245.0,62.3427481824,-0.110703812317,0.136788617886,0.569736719432,0.0144071593634,0.190200957119
HO_PPARG_HUMAN.H10MO.S,2954.0,28.7468680347,-0.0153490435956,0.0396612243643,0.382187968532,0.0953185295914,0.191909515661
HO_RXRA_HUMAN.H10MO.C,372.0,69.1182031063,0.0224953617811,0.110915750916,0.439760897223,0.452224761942,0.194058775139
HO_NFAC2_HUMAN.H10MO.B,2439.0,-26.7276902209,0.0134413158043,0.0434821855612,0.458970675373,0.218908084909,0.195055976719
HO_FOXP2_HUMAN.H10MO.A,5420.0,16.2834572812,-0.00871180279466,0.0290508850426,0.501654420473,0.198990222208,0.200046336768
HO_NFAT5_HUMAN.H10MO.D,368.0,52.4942411645,-0.0117246484086,0.110452586207,0.559526929636,0.729195104686,0.202545443106
HO_NKX25_HUMAN.H10MO.C,40630.0,-3.66019335443,0.00197556817627,0.0104394897087,0.684291157276,0.454858527872,0.217271374227
HO_HMGA1_HUMAN.H10MO.D,55643.0,2.39069526318,-0.00708999683842,0.00883177559247,0.754455100937,0.00418375266002,0.227132525839
HO_HXA2_HUMAN.H10MO.D,972.0,-35.5681175483,0.00137257892329,0.066402644195,0.542461569001,0.92560130122,0.227507953081
HO_NFIC_HUMAN.H10MO.A,604.0,-13.4626495019,-0.00588959212377,0.0840882694541,0.839183706318,0.847567305935,0.228320593388
HO_RX_HUMAN.H10MO.D,2375.0,-6.75344989178,-0.0109989962191,0.0424191139871,0.857572694692,0.169464462876,0.231539623696
HO_SOX10_HUMAN.H10MO.D,67439.0,5.64906100705,-0.00625867237242,0.00794766329294,0.398972562611,0.00462472944243,0.236427033337
HO_PRDM1_HUMAN.H10MO.C,524.0,59.131612217,-0.0211538461538,0.0891847850023,0.427485542204,0.447050155383,0.238878637865
HO_EMX1_HUMAN.H10MO.D,927.0,-11.3435276896,-0.0115152137007,0.0671144712065,0.845911160904,0.322347522508,0.241048162568
HO_LMX1A_HUMAN.H10MO.D,2702.0,-4.14268683725,0.00280748663102,0.039379527979,0.905703770325,0.722134841649,0.241206391975
HO_FOXO1_HUMAN.H10MO.C,14729.0,-7.6265635741,8.64785463875e-06,0.0168695019563,0.602574432603,0.998314361362,0.243535950925
HO_TBX3_HUMAN.H10MO.D,82.0,-120.547270035,0.0304114490161,0.221804511278,0.524881122855,0.565459288891,0.246378727918
HO_PAX4_HUMAN.H10MO.D,306.0,-83.3677335397,0.0524964702862,0.115571354257,0.413125479196,0.093926611038,0.24708894918
HO_SPIC_HUMAN.H10MO.D,5899.0,19.0673495988,-0.00826644449318,0.0264281466502,0.378195303985,0.303013788641,0.251224032858
HO_CXXC1_HUMAN.H10MO.D,5671.0,18.5860266749,-0.00605052992984,0.0269416777769,0.381835093507,0.515230991786,0.251722574982
HO_USF2_HUMAN.H10MO.A,410.0,2.26225874959,-0.0525213583684,0.0992982793425,0.949091540815,0.284264158672,0.253433780147
HO_ZN219_HUMAN.H10MO.D,2039.0,15.6985176515,-0.0355178055823,0.0446949840013,0.671277420172,0.0283003532192,0.255284800766
HO_LBX2_HUMAN.H10MO.D,494.0,-44.0570248209,0.0033603802967,0.0889740877842,0.588134816661,0.853154618606,0.271829512953
HO_HXA5_HUMAN.H10MO.D,219.0,-69.089418008,0.031328320802,0.132573179033,0.568360285672,0.343732865887,0.277018821267
HO_HXB7_HUMAN.H10MO.C,219.0,-69.089418008,0.031328320802,0.132573179033,0.568360285672,0.343732865887,0.277018821267
HO_TFCP2_HUMAN.H10MO.D,445.0,44.4997792787,0.00739603120074,0.0930019167244,0.562072283348,0.827358651572,0.280143856101
HO_SMAD2_HUMAN.H10MO.C,382.0,-66.0124808749,0.0553035925346,0.1,0.463836148703,0.0383759127827,0.28479911274
HO_ZBT7A_HUMAN.H10MO.D,590.0,-26.3122878021,0.0365876080162,0.0804766587609,0.670206915441,0.144443539158,0.285188441919
HO_GATA1_HUMAN.H10MO.S,1184.0,-37.1390344577,0.0331790388022,0.0569414301155,0.470847586437,0.0568675334816,0.286037317616
HO_ZN423_HUMAN.H10MO.D,4.0,155.603735824,0.0,1.0,0.747043844871,0.5,0.289041428371
HO_THA_HUMAN.H10MO.S,695.0,53.5166848864,-0.0109099350046,0.0735679146169,0.421294795596,0.591326332019,0.295196244578
HO_THAP1_HUMAN.H10MO.D,941.0,-17.2862733461,0.0448612492091,0.0631808278867,0.623862996693,0.145857544397,0.296824068147
HO_ZBTB4_HUMAN.H10MO.S,105.0,95.5873097788,-0.00362844702467,0.187028657617,0.521775028494,0.962242046112,0.297170380211
HO_MNX1_HUMAN.H10MO.D,1607.0,-38.8553459512,0.0205258509831,0.048311339745,0.392090317953,0.0736086471644,0.299309769768
HO_KAISO_HUMAN.H10MO.S,313.0,-81.3505178762,0.0156798693344,0.108487054347,0.335259447122,0.719312266871,0.30248146494
HO_HXD11_HUMAN.H10MO.D,1282.0,5.45845311989,0.000747436924358,0.0538665937244,0.91346265512,0.955631967026,0.303297756063
HO_ISL2_HUMAN.H10MO.D,313.0,-77.4810281472,0.0257156919039,0.108226007478,0.444875702176,0.287983952889,0.307704889999
HO_MEF2A_HUMAN.H10MO.A,663.0,-38.0776100256,0.00794430794431,0.0743856886513,0.561677878344,0.754803832131,0.308502570598
HO_CTCF_HUMAN.H10MO.A,1190.0,19.220724808,-0.0427225213811,0.0555825139403,0.426684634668,0.126403900637,0.310226735054
HO_SUH_HUMAN.H10MO.C,1829.0,-33.4840297498,0.0194776931447,0.0447593778986,0.405114162862,0.146002202997,0.312769666828
HO_FIGLA_HUMAN.H10MO.D,609.0,-53.4984439249,0.0486895445381,0.0773595199127,0.453405566559,0.0233386892364,0.314707459357
HO_KLF15_HUMAN.H10MO.D,2826.0,-17.3135498731,0.0125534971531,0.0357590487286,0.572988156407,0.33412514907,0.322560994052
HO_ZFHX3_HUMAN.H10MO.D,1102.0,-23.5691413465,0.00764984097164,0.0571080766381,0.673644896657,0.442678621138,0.322653643092
HO_COT1_HUMAN.H10MO.B,1107.0,33.391328245,-0.00966196190053,0.0569041769042,0.527358921005,0.527509273948,0.323832471739
HO_HXB8_HUMAN.H10MO.C,354.0,-45.9777547894,0.0245171588188,0.099896680873,0.626404415229,0.407612364214,0.327224661409
HO_NFAC1_HUMAN.H10MO.A,980.0,-19.2112663258,0.0148703530147,0.060243584167,0.739808570503,0.366139282985,0.327973939272
HO_RFX3_HUMAN.H10MO.B,550.0,-65.6250992725,0.0580687830688,0.0802387709691,0.326935983837,0.0909146858488,0.328226136767
HO_ZEP1_HUMAN.H10MO.D,347.0,18.9766330132,0.0088716108453,0.100672268908,0.830586344552,0.775218180523,0.329790302969
HO_NR4A2_HUMAN.H10MO.C,924.0,48.2518220373,-0.00902161055932,0.0619033476176,0.407097675263,0.611564243165,0.331401709305
HO_ZSCA4_HUMAN.H10MO.D,272.0,34.3262109508,-0.0721896064362,0.113655172414,0.755290442513,0.0363404921271,0.331960676288
HO_HXA7_HUMAN.H10MO.D,132.0,44.1636335989,-0.0349264705882,0.162046908316,0.772232624879,0.448516818413,0.332488526184
HO_ATF7_HUMAN.H10MO.D,176.0,81.0964504856,-0.0607012035583,0.141250502075,0.390173433584,0.405634225527,0.333964219174
HO_SP4_HUMAN.H10MO.D,11929.0,-8.75948885966,0.0145579976195,0.017253300874,0.275397151137,0.108381691945,0.334821234975
HO_EMX2_HUMAN.H10MO.D,1047.0,-4.94485810242,-0.0110832211229,0.0579797979798,0.928566947417,0.31239454212,0.335913057786
HO_BHA15_HUMAN.H10MO.D,316.0,-53.6471283886,0.0423701298701,0.105447070915,0.602796990578,0.13306754569,0.337314171288
HO_YBOX1_HUMAN.H10MO.D,585.0,-54.591843625,0.0127051288045,0.0767782328296,0.3789504528,0.733241389285,0.343922824692
HO_FOXJ3_HUMAN.H10MO.A,5564.0,-7.71066957087,-0.00184018128887,0.0250297272465,0.750358294991,0.773577506646,0.344532816308
HO_IRF4_HUMAN.H10MO.C,1633.0,19.7940211789,0.0051831582611,0.0459042033236,0.65058928105,0.718529257735,0.349279899099
HO_RUNX2_HUMAN.H10MO.B,675.0,-33.5902928121,0.011009270965,0.0709352645059,0.599682689178,0.625430820399,0.353676835549
HO_VAX1_HUMAN.H10MO.D,258.0,59.0709969416,0.000721283885316,0.113675213675,0.613670188379,0.969344326319,0.359810188844
HO_REST_HUMAN.H10MO.A,121.0,-65.7225232804,0.00903119868637,0.165251839276,0.687150057751,0.862938082912,0.360833923
HO_CDC5L_HUMAN.H10MO.D,285.0,-52.5383319107,0.0179135412554,0.108058058058,0.63793540764,0.451971209332,0.362645056484
HO_STAT4_HUMAN.H10MO.D,809.0,-33.8766723832,0.0292912615422,0.0643428669756,0.564731338725,0.242935530905,0.363232389093
HO_ALX1_HUMAN.H10MO.B,568.0,36.5938791207,-0.0124889930672,0.0765887290168,0.628252161035,0.512425682097,0.364648222938
HO_FOXF2_HUMAN.H10MO.D,1721.0,-34.3928205322,0.0112971231164,0.0440645753411,0.417701852395,0.307232944722,0.367044340906
HO_ZN384_HUMAN.H10MO.C,288.0,44.4231046725,-0.026525198939,0.106905320814,0.657448588076,0.432241661423,0.368144940053
HO_CDX2_HUMAN.H10MO.C,19006.0,6.7036238035,-0.000111984841905,0.0132583937641,0.59730036333,0.977385235397,0.371715838295
HO_HNF6_HUMAN.H10MO.C,1528.0,-34.4152948533,0.0242278965453,0.0464839217102,0.466508546441,0.041084750305,0.374513485519
HO_TEF_HUMAN.H10MO.D,529.0,-44.5528729608,0.000729008833872,0.0785395362235,0.579304324602,0.972729522534,0.376836102801
HO_SPI1_HUMAN.H10MO.A,1184.0,26.2415871968,-0.0374878564489,0.0525749934776,0.613060859796,0.0276422663963,0.37935694824
HO_MZF1_HUMAN.H10MO.D,4748.0,-7.50595365424,0.00437721096354,0.0262310628764,0.759891399782,0.615587629421,0.383477911267
HO_MYF6_HUMAN.H10MO.C,24777.0,-6.00949277375,0.00763133193307,0.0114978986795,0.561653947795,0.0821962219161,0.384239739176
HO_SPIB_HUMAN.H10MO.B,2659.0,14.8951582043,-0.0117973189353,0.0349304170215,0.666574144453,0.315697717196,0.386895747609
HO_OLIG2_HUMAN.H10MO.D,216.0,-42.4613565158,-0.00125729681185,0.124175824176,0.733772748234,0.965732480012,0.387437243935
HO_ALX4_HUMAN.H10MO.D,498.0,55.4547011209,0.00948509485095,0.0800390275632,0.507910892782,0.656482176827,0.390515613489
HO_REL_HUMAN.H10MO.C,706.0,30.6102152264,0.00889295546299,0.0669959963838,0.62582861415,0.703077429772,0.396413899074
HO_COT1_HUMAN.H10MO.S,395.0,45.2355356835,0.000435830385069,0.0890914741531,0.596990878466,0.987679977401,0.40000392003
HO_E2F8_HUMAN.H10MO.D,287.0,36.9167051539,-0.0480283605284,0.103910174333,0.712541367544,0.189975616338,0.405387915536
HO_VSX1_HUMAN.H10MO.D,579.0,18.7512581008,-0.0354794749803,0.0732943329,0.799272407345,0.0505656887384,0.408187321262
HO_BRCA1_HUMAN.H10MO.D,4890.0,19.4530662416,-0.0126058692786,0.025322779385,0.42077631015,0.146451662757,0.409045794503
HO_GCM2_HUMAN.H10MO.D,30.0,122.387146987,0.0277777777778,0.320855614973,0.625946779525,0.803784706253,0.418996843431
HO_HNF4G_HUMAN.H10MO.C,410.0,47.8509594013,0.000620806570999,0.0862268518519,0.589928462091,0.981338939199,0.420025313175
HO_SP1_HUMAN.H10MO.C,10252.0,-1.06328311744,0.00886121316829,0.0172272705531,0.914587544574,0.361953102237,0.429524316373
HO_MEOX1_HUMAN.H10MO.D,229.0,47.9019881347,0.0238349885409,0.113979163427,0.702703030507,0.295177052276,0.430627149423
HO_HMX3_HUMAN.H10MO.D,753.0,-23.3850567214,0.00783665861821,0.063020796366,0.728590583946,0.604715531914,0.433618791402
HO_HES5_HUMAN.H10MO.D,756.0,-20.5132933275,0.0466355762825,0.0628031584884,0.754726043213,0.0565469086219,0.436305164769
HO_PAX7_HUMAN.H10MO.D,183.0,-44.3877079899,-0.00358594310304,0.126710654936,0.733885095025,0.921972936647,0.436465583163
HO_HLTF_HUMAN.H10MO.D,743.0,-32.7499732894,0.0167271671265,0.063110410371,0.610499948306,0.413605812956,0.441039159621
HO_TBX1_HUMAN.H10MO.D,2141.0,-9.86395156633,0.0342496474596,0.0372013974129,0.751283573812,0.056325743963,0.442954959138
HO_SP3_HUMAN.H10MO.B,14260.0,-3.99462885221,0.0117257979065,0.0144463119031,0.636649885483,0.153320431438,0.444122289799
HO_HXC11_HUMAN.H10MO.D,46.0,-142.641761174,-0.00761904761905,0.25,0.537572313117,0.899560139746,0.444230731241
HO_FOXA1_HUMAN.H10MO.A,1669.0,-17.2701019001,-0.0142385247314,0.0420666501586,0.701255865236,0.195534419854,0.444341276743
HO_SNAI2_HUMAN.H10MO.C,49670.0,4.40088602366,-0.00639057342567,0.00773786658655,0.570197966513,0.0242278039938,0.445725177353
HO_TGIF2_HUMAN.H10MO.D,554.0,44.833078058,-0.0161683595635,0.0724192277384,0.566856130483,0.329975704807,0.450403530712
HO_KLF1_HUMAN.H10MO.C,1436.0,21.3733976979,-0.00542209474499,0.0450352622484,0.596185105044,0.795981560267,0.452975786701
HO_ARI3A_HUMAN.H10MO.S,43220.0,-3.44203534635,0.00443757990611,0.0082400988744,0.694743211919,0.0446183515036,0.454019136535
HO_GLIS2_HUMAN.H10MO.D,36.0,154.823995218,-0.025974025974,0.285714285714,0.55461882783,0.740135438604,0.457780326406
HO_CR3L2_HUMAN.H10MO.D,74.0,127.219948434,-0.0540540540541,0.194444444444,0.454197835948,0.619432021671,0.460270353795
HO_PITX2_HUMAN.H10MO.D,778.0,-21.6975948418,-0.000992950054612,0.0606568721388,0.738824479539,0.957989472557,0.462449281749
HO_FOXM1_HUMAN.H10MO.D,5093.0,-6.74271845294,-0.00449908084124,0.0236311768583,0.780824765355,0.560369941339,0.471624018264
HO_FOXO4_HUMAN.H10MO.C,6818.0,-7.85440151411,-0.00298163163422,0.0204233353886,0.719717342126,0.580079555712,0.47226567211
HO_PO3F4_HUMAN.H10MO.D,782.0,37.4352649666,-0.00347338935574,0.060207759169,0.559578659461,0.791016894813,0.472555188769
HO_PIT1_HUMAN.H10MO.C,939.0,23.9820385573,0.0143351278722,0.0547365061999,0.683114409403,0.337049730429,0.473767576669
HO_RARG_HUMAN.H10MO.C,329.0,-18.9179494395,-0.0283876691062,0.0918206989448,0.837996777976,0.449468766153,0.477180189944
HO_TBX20_HUMAN.H10MO.D,127.0,61.3399007113,0.0191066997519,0.147028688525,0.695749797023,0.674888978883,0.477220129072
HO_NR1D1_HUMAN.H10MO.C,262.0,-36.7922361867,0.0242919708029,0.10270398482,0.73715075671,0.43750018845,0.479291832056
HO_P63_HUMAN.H10MO.S,667.0,-32.4740033134,0.0196554452597,0.0644957033017,0.614511303166,0.419010390337,0.480850398665
HO_ITF2_HUMAN.H10MO.B,8812.0,10.3005002001,-0.00172835829619,0.0177952146234,0.575715003639,0.799043490948,0.485134119811
HO_P5F1B_HUMAN.H10MO.D,582.0,27.6851944378,-0.0102913517158,0.068726475773,0.718123835944,0.532769092329,0.487228797004
HO_CREB5_HUMAN.H10MO.D,152.0,85.3147776884,-0.0490658285315,0.133787661406,0.4026357605,0.523571148853,0.489674803013
HO_BACH1_HUMAN.H10MO.A,410.0,-43.0482843016,0.0518550248685,0.0813226953763,0.503689275483,0.285317139238,0.493180147329
HO_GSX1_HUMAN.H10MO.D,711.0,-31.4136667238,0.0172790451012,0.061865189289,0.639405117562,0.353916743471,0.493936042644
HO_GFI1_HUMAN.H10MO.C,699.0,39.2496741871,-0.00727094080079,0.062273535806,0.551918479082,0.685903607755,0.496257555712
HO_ERF_HUMAN.H10MO.D,105.0,94.2921350844,-0.013206162876,0.159801678108,0.609219806455,0.686286490152,0.497872932391
HO_BRAC_HUMAN.H10MO.D,3.0,558.872581721,0.0,,0.564094216849,0.5,0.5
HO_MUSC_HUMAN.H10MO.D,2.0,0.0,0.0,0.5,0.5,0.5,0.5
HO_ZN713_HUMAN.H10MO.D,1855.0,17.8298469792,0.00764809686892,0.0381704646069,0.666671389044,0.552893321735,0.501992602986
HO_CEBPA_HUMAN.H10MO.A,597.0,-30.3913155777,-0.00365045490284,0.0668973471742,0.689430979457,0.843102862048,0.505318901212
HO_FOSL2_HUMAN.H10MO.A,1017.0,27.8651889358,-0.0179548285761,0.0512611373929,0.500193287049,0.56288397317,0.507328338082
HO_JDP2_HUMAN.H10MO.D,130.0,108.789707939,-0.0805984555985,0.143212951432,0.249614048763,0.362706563935,0.508667152164
HO_IRF2_HUMAN.H10MO.C,599.0,-38.3193788714,0.0162223115398,0.0664718444419,0.573860367545,0.56387251916,0.511899616531
HO_FOXD3_HUMAN.H10MO.D,13528.0,4.2383753114,-0.00622392894402,0.0140503370055,0.78185546707,0.140287150178,0.513961501479
HO_RREB1_HUMAN.H10MO.D,1900.0,22.1899715248,-0.0121466822712,0.0373287576146,0.564656984455,0.425565145732,0.515611379982
HO_NKX32_HUMAN.H10MO.C,409.0,-25.6172695673,-0.0134449760766,0.0800396211828,0.765459535679,0.62248732862,0.515711636916
HO_RELB_HUMAN.H10MO.C,490.0,29.6919603124,0.023634023634,0.073171553758,0.678481404226,0.46579471684,0.517728328306
HO_HNF1B_HUMAN.H10MO.B,181.0,-54.6276272093,-0.020757020757,0.119600499376,0.671769157659,0.669158351758,0.517738216346
HO_TFDP1_HUMAN.H10MO.S,70.0,124.67771307,0.013923013923,0.190972222222,0.458435170966,0.862084224646,0.52145251256
HO_FOXQ1_HUMAN.H10MO.C,875.0,13.25755173,0.000936212054645,0.0546337260012,0.829709943459,0.951536247873,0.522122355591
HO_SOX1_HUMAN.H10MO.D,173.0,26.3534560675,0.0395161290323,0.121766648321,0.850631957503,0.217222186129,0.527132717445
HO_TGIF1_HUMAN.H10MO.D,279.0,-43.649126355,0.0194260256942,0.095973930411,0.673922916484,0.601938967512,0.530870831923
HO_ZEP2_HUMAN.H10MO.D,263.0,41.5639151761,0.00404858299595,0.0983086680761,0.64202817147,0.927896281545,0.532480137268
HO_NR2C1_HUMAN.H10MO.C,438.0,27.2240838722,0.0118230915195,0.0763468013468,0.727813260496,0.683665621558,0.532769845865
HO_HXA10_HUMAN.H10MO.C,945.0,21.4896962535,-0.00336172120126,0.0520850213364,0.71494422038,0.832242457723,0.534308880432
HO_CEBPB_HUMAN.H10MO.A,275.0,-53.9539326631,0.00968561448079,0.0958646616541,0.620980351669,0.705209804206,0.536850962229
HO_SHOX_HUMAN.H10MO.D,2787.0,10.2159420892,-0.00702942987976,0.0302055130089,0.767604699736,0.348865801765,0.542892446654
HO_HES1_HUMAN.H10MO.D,545.0,-18.9183399895,-0.025539083558,0.067733789508,0.787420223954,0.37599847345,0.547978451944
HO_HXA13_HUMAN.H10MO.C,299.0,19.6766519406,0.0214478417266,0.0913316926442,0.84087112794,0.586865562258,0.548786585318
HO_GCR_HUMAN.H10MO.S,22424.0,-4.53510492448,-0.00435239798678,0.0105834922005,0.699522267898,0.232221353429,0.554649092097
HO_PBX2_HUMAN.H10MO.C,474.0,43.4954605513,-0.00566511677623,0.0721523535753,0.603031810375,0.786577075712,0.555718352644
HO_FOS_HUMAN.H10MO.A,875.0,27.7542739327,-0.00133224663804,0.0531774190162,0.551520790465,0.96812432418,0.556585446625
HO_CUX1_HUMAN.H10MO.C,64.0,-82.2423282188,0.0625,0.193548387097,0.712024948139,0.150762775027,0.559453127044
HO_GATA3_HUMAN.H10MO.C,3071.0,-18.0168664744,0.0123695695349,0.0283913454731,0.580286080574,0.13295459612,0.560960165421
HO_EGR1_HUMAN.H10MO.S,1433.0,-17.5044531486,0.0324722412825,0.0412385643913,0.498540819967,0.205180799023,0.568899921398
HO_GATA1_HUMAN.H10MO.A,985.0,6.81187161546,-0.012318066221,0.0497026408817,0.870964866622,0.681457595603,0.570940042643
HO_NKX21_HUMAN.H10MO.D,509.0,42.9837269373,-0.0125695732839,0.0688150595275,0.581049875221,0.559385484295,0.571819396467
HO_SP1_HUMAN.H10MO.S,5267.0,-4.32018677946,0.0174554451504,0.0214928263423,0.750708350064,0.199150065525,0.573205182514
HO_PO4F1_HUMAN.H10MO.D,554.0,39.8289879945,-0.0157488527326,0.0656064923639,0.607063675032,0.320511687071,0.578552172774
HO_AP2A_HUMAN.H10MO.C,618.0,-11.6296201266,-0.00438849146915,0.0619439173519,0.860804268429,0.848080482344,0.582523143709
HO_IRF8_HUMAN.H10MO.D,890.0,-19.3117721064,0.0326278526015,0.0515999431853,0.738005002443,0.134532714072,0.584655329188
HO_FOXF1_HUMAN.H10MO.D,2347.0,-16.2286329569,0.00788252578294,0.0318754125401,0.661680767264,0.332997098989,0.585050367456
HO_OLIG3_HUMAN.H10MO.D,289.0,-28.3359148042,0.0135664609658,0.0908097367114,0.792872229693,0.595336413515,0.589269150027
HO_TBX21_HUMAN.H10MO.D,236.0,46.9702871725,-0.000291992116213,0.0998217468806,0.687873076216,0.992939513586,0.592602023384
HO_CDX1_HUMAN.H10MO.C,11149.0,-4.80626143168,0.00478809501969,0.0145526453849,0.780153103917,0.239048148704,0.593735703236
HO_TEAD3_HUMAN.H10MO.D,877.0,-21.6965269683,-0.0118629082588,0.0515976677603,0.719526350548,0.483164649097,0.594110865868
HO_HES7_HUMAN.H10MO.D,675.0,-13.8143302262,0.04195398255,0.058758471802,0.841845372901,0.109207842342,0.595288715621
HO_TFE2_HUMAN.H10MO.C,542.0,-31.6399591731,-0.001826608506,0.0653812878507,0.683467153974,0.938609494696,0.597460450172
HO_TBX2_HUMAN.H10MO.D,1819.0,-8.9662776103,-0.020611065435,0.0356880602766,0.832956097041,0.111169836407,0.601915163231
HO_LMX1B_HUMAN.H10MO.D,2591.0,8.66407805238,-0.00558750096829,0.0298957997637,0.811150505201,0.446953620286,0.603198193103
HO_BC11A_HUMAN.H10MO.C,2805.0,20.060740518,-0.00630952065961,0.0287401655049,0.549104186855,0.568000039251,0.603597943092
HO_MIXL1_HUMAN.H10MO.D,388.0,33.7878313433,-0.00382653061224,0.0767351322325,0.71384733851,0.878012906322,0.60394136068
HO_LHX9_HUMAN.H10MO.D,2009.0,9.17112235865,0.0011498696484,0.0338239296307,0.821569624426,0.895162468537,0.607351618809
HO_KLF8_HUMAN.H10MO.C,1433.0,24.1874658345,0.00175428337524,0.0400197029699,0.566679587147,0.912357211753,0.607466201943
HO_UNC4_HUMAN.H10MO.D,510.0,38.8352747986,0.00615384615385,0.0668310306865,0.63217266569,0.764179469154,0.607553843635
HO_DRGX_HUMAN.H10MO.D,510.0,38.8352747986,0.00615384615385,0.0668310306865,0.63217266569,0.764179469154,0.607553843635
HO_PO3F1_HUMAN.H10MO.C,620.0,-28.3492488169,0.00799215391678,0.0603833027041,0.694637374774,0.712634165135,0.614846926446
HO_ZBT18_HUMAN.H10MO.D,145.0,54.4842633457,-0.0474828375286,0.123921568627,0.691190772984,0.236618563808,0.615046233353
HO_HIC1_HUMAN.H10MO.C,462.0,35.4478743405,-0.004329004329,0.0695652173913,0.634948237127,0.89216105784,0.618646428339
HO_MLXPL_HUMAN.H10MO.D,77.0,26.1485134234,-0.12027027027,0.168803418803,0.876320886167,0.193738206729,0.618918644458
HO_SRY_HUMAN.H10MO.B,26618.0,0.303699403052,0.00234782071592,0.00922058630191,0.97816198889,0.404200382164,0.62178056769
HO_HXB6_HUMAN.H10MO.D,259.0,-54.9965928389,0.0381037567084,0.0924176356589,0.622615376377,0.215682850576,0.621889291822
HO_MESP1_HUMAN.H10MO.D,3242.0,-12.1129655544,0.00860650979362,0.0263488080301,0.694206923604,0.408141465512,0.622005585996
HO_HXC13_HUMAN.H10MO.D,78.0,89.5305203469,0.025,0.171680117388,0.653387189155,0.736705432016,0.62362324313
HO_HSF1_HUMAN.H10MO.A,645.0,-0.0633815042202,-0.0195053248958,0.0587944088526,0.999251900347,0.383641598298,0.624189578107
HO_NFAC1_HUMAN.H10MO.S,619.0,-40.1274577617,0.0474335136942,0.0598532318432,0.551707938623,0.0608779539111,0.62572841455
HO_HSF2_HUMAN.H10MO.A,337.0,20.1124845518,-0.0211198081941,0.0808534931849,0.834400427936,0.376013060128,0.626819002998
HO_PLAL1_HUMAN.H10MO.D,138.0,-21.9162294869,-0.0391002732815,0.125541125541,0.835949355031,0.54474150216,0.628611869721
HO_SOX21_HUMAN.H10MO.D,244.0,55.7457575359,-0.0419942215951,0.0946721311475,0.636112672939,0.172121023085,0.628765210966
HO_RHXF1_HUMAN.H10MO.D,135.0,-9.54883948454,-0.0798855633803,0.126984126984,0.949419785531,0.103400314943,0.629060899327
HO_FOXA2_HUMAN.H10MO.A,825.0,-30.6694188012,0.0129377386058,0.0515653121152,0.620515266425,0.545707166355,0.63505419116
HO_PO3F2_HUMAN.H10MO.D,2345.0,-13.4347163943,0.00848877909971,0.0305826530226,0.72286570669,0.331019264958,0.637311106398
HO_FOXC2_HUMAN.H10MO.D,800.0,-15.2556407548,0.012753902945,0.0521164021164,0.749720608076,0.701948445708,0.641059044465
HO_PTF1A_HUMAN.H10MO.C,284.0,37.2981474957,-0.0104688662863,0.0869565217391,0.708254176586,0.746490405889,0.641434037994
HO_NFE2_HUMAN.H10MO.B,328.0,-38.2005704104,0.0108019518009,0.0809200603318,0.551165936093,0.844108185123,0.643094907063
HO_PHX2A_HUMAN.H10MO.D,596.0,37.6396877197,0.00756756756757,0.0600986338643,0.620759297719,0.70537548643,0.643845494674
HO_ALX3_HUMAN.H10MO.D,596.0,37.6396877197,0.00756756756757,0.0600986338643,0.620759297719,0.70537548643,0.643845494674
HO_PHX2B_HUMAN.H10MO.D,596.0,37.6396877197,0.00756756756757,0.0600986338643,0.620759297719,0.70537548643,0.643845494674
HO_TBP_HUMAN.H10MO.C,780.0,26.3633071973,-0.00505409460633,0.0525609054287,0.679748991412,0.797146805297,0.64502343664
HO_MYB_HUMAN.H10MO.C,10533.0,-3.72024845647,-0.00245418501192,0.0143627590491,0.826516584657,0.67054869857,0.646404495637
HO_ARNT_HUMAN.H10MO.B,1911.0,-10.0081343661,0.00068349106204,0.0336073761045,0.781328955107,0.966596459777,0.646747642109
HO_FOXJ2_HUMAN.H10MO.C,4165.0,-11.4719028372,0.00443137254902,0.0227889026507,0.682666786332,0.487728861212,0.647655678407
HO_NANOG_HUMAN.H10MO.A,510.0,-29.6585093438,0.00901039661147,0.0646423248882,0.704379489675,0.679419308661,0.650250561923
HO_TGIF1_HUMAN.H10MO.S,49827.0,-3.98615406024,0.00419747795018,0.00659038977832,0.610688729525,0.11933723747,0.650291921117
HO_PAX1_HUMAN.H10MO.D,12.0,-144.318434512,0.111111111111,0.5,0.7506118302,0.700311372937,0.650872831704
HO_MYOD1_HUMAN.H10MO.C,2179.0,7.91428559264,0.00265854805357,0.0313627000743,0.823365155119,0.850870246169,0.651621534627
HO_KLF16_HUMAN.H10MO.D,8037.0,9.03848700044,-0.00190392485129,0.0163579435997,0.536734918421,0.849592031786,0.652585260997
HO_FOXD1_HUMAN.H10MO.D,484.0,-46.3364156641,0.0205277089915,0.0661592505855,0.53562747012,0.539153228239,0.652803272848
HO_PPARG_HUMAN.H10MO.A,409.0,36.4638031515,0.0260678241737,0.0718977925904,0.663718709668,0.288469691098,0.653129889862
HO_JUNB_HUMAN.H10MO.C,624.0,26.8346799101,-0.0123456790123,0.0583368710977,0.601062676566,0.754087754902,0.653410661448
HO_BSH_HUMAN.H10MO.D,393.0,-47.4060204469,0.0454403983816,0.0732103553087,0.59494331838,0.0601625241824,0.656015535272
HO_NR2E1_HUMAN.H10MO.D,119.0,-104.692959148,0.0677966101695,0.132086499123,0.546220244601,0.0402032752762,0.656032757972
HO_ELF3_HUMAN.H10MO.D,593.0,28.4044896051,-0.0515368852459,0.0594970658353,0.653421473997,0.11144365969,0.659907490984
HO_DBP_HUMAN.H10MO.B,694.0,-9.38089369858,-0.00864553314121,0.0549132947977,0.893505499816,0.620967785637,0.662032317072
HO_MSX1_HUMAN.H10MO.D,409.0,-42.7673893196,0.0507558362036,0.0713526570048,0.62945029092,0.0229282129628,0.662611593403
HO_NR2E3_HUMAN.H10MO.C,399.0,-26.4032480984,-0.011004784689,0.072268009768,0.766494650697,0.65053827579,0.663228635167
HO_LHX2_HUMAN.H10MO.D,442.0,35.3720226938,-0.00988515176374,0.0686686396656,0.678028250456,0.6749775388,0.663313029341
HO_ETV3_HUMAN.H10MO.D,248.0,-59.3619704803,0.0291666666667,0.0911797789982,0.591635162697,0.388134288492,0.666125743539
HO_SHOX2_HUMAN.H10MO.D,2101.0,-1.10635209791,-0.00531040495009,0.031558188986,0.977719872557,0.527300927058,0.666219525629
HO_NR4A1_HUMAN.H10MO.C,1633.0,21.5729289907,-0.000103684246907,0.0357836860737,0.617886977486,0.994110457647,0.666929190191
HO_DLX2_HUMAN.H10MO.D,4101.0,-3.62493783631,0.00563083795375,0.0225074820182,0.900091435469,0.341445143533,0.672265398819
HO_SRBP1_HUMAN.H10MO.B,1039.0,22.9488445657,-0.00606727747139,0.0445287792536,0.649688938263,0.753491011321,0.673492734044
HO_ISL1_HUMAN.H10MO.D,27588.0,3.14382242475,-0.00286449152406,0.00868150896518,0.771115083245,0.355041928664,0.674430092519
HO_NDF2_HUMAN.H10MO.D,76.0,48.2690214529,0.0,0.162162162162,0.814784041848,1.0,0.675896209192
HO_BHE41_HUMAN.H10MO.D,256.0,-51.9259149866,-0.00030534351145,0.0889578163772,0.58585409634,0.994687180925,0.676754487753
HO_HXC12_HUMAN.H10MO.D,680.0,-23.2339147023,-0.00360060933389,0.0548072820986,0.738697999985,0.859817185979,0.677079936178
HO_THB_HUMAN.H10MO.C,3281.0,9.69607138313,-0.0230677639955,0.0250143435563,0.753662758733,0.050049742336,0.679005608742
HO_FOXA3_HUMAN.H10MO.C,5233.0,1.77762135832,-0.00702330360239,0.0198143968996,0.940448343388,0.335675333365,0.679447313224
HO_NFYA_HUMAN.H10MO.A,1207.0,-23.2346937989,0.00671478240809,0.0411141972247,0.494514408747,0.815360774107,0.679911329506
HO_HME2_HUMAN.H10MO.D,196.0,67.8215521607,-0.0317725752508,0.101354955724,0.627719219476,0.442084140628,0.680644469224
HO_FOXO3_HUMAN.H10MO.B,1331.0,-20.4450558475,0.00841541011294,0.0391327783163,0.679373458667,0.50824497924,0.680723108998
HO_ZN333_HUMAN.H10MO.D,756.0,23.2091451653,-0.00806705741476,0.0518275512503,0.734057622888,0.635811088722,0.681099750466
HO_ZIC4_HUMAN.H10MO.D,57.0,-61.1052529643,0.0843672456576,0.186666666667,0.778443807246,0.333746253309,0.682322144357
HO_GCR_HUMAN.H10MO.A,323.0,-22.1909639598,-0.0227849074003,0.078898225957,0.816540421474,0.515743761909,0.683697617837
HO_PO4F2_HUMAN.H10MO.D,295.0,29.1955556578,-0.0255172413793,0.0823079791201,0.769977930122,0.302765124948,0.685679148894
HO_PAX6_HUMAN.H10MO.D,52.0,-134.269422994,0.128935532234,0.194805194805,0.552737737268,0.148350594922,0.689087969914
HO_PO2F3_HUMAN.H10MO.D,456.0,20.3969107484,-0.0110837438424,0.0659833440102,0.808879296883,0.616136717525,0.692094662687
HO_MEIS1_HUMAN.H10MO.C,216.0,-41.0472824374,-0.0240384615385,0.09542552261,0.739158272906,0.500287297589,0.693898681025
HO_GCM1_HUMAN.H10MO.D,95.0,-78.3814468445,0.0789707187223,0.143055555556,0.672122659776,0.166003268285,0.694761680482
HO_TF65_HUMAN.H10MO.A,290.0,13.9978243476,0.00495931436275,0.0828125,0.877634272388,0.915890246775,0.695612307987
HO_HMBX1_HUMAN.H10MO.D,679.0,-32.8853974835,0.0204147145584,0.0539439004381,0.631345506885,0.294695579926,0.696677846302
HO_SOX9_HUMAN.H10MO.B,560.0,0.621310796787,0.012704452304,0.0592592592593,0.993623740417,0.580482631748,0.699200085165
HO_MEF2B_HUMAN.H10MO.D,164.0,34.6195082436,0.0160714285714,0.108586243709,0.810579453097,0.703349086826,0.701666789034
HO_MEIS3_HUMAN.H10MO.D,343.0,-11.5600925498,0.0175869120654,0.0753500241396,0.907260343383,0.487591031649,0.703247966446
HO_ZN652_HUMAN.H10MO.D,300.0,-42.4333042363,-0.0043650616899,0.0803539183821,0.671122043428,0.857915436472,0.705461628782
HO_PAX3_HUMAN.H10MO.D,162.0,-20.473005083,-0.0277565960043,0.108818011257,0.881964053549,0.463094532563,0.706299120658
HO_TWST1_HUMAN.H10MO.D,898.0,-24.5060680318,0.0164071190211,0.0465185879818,0.658097917656,0.45183781951,0.708302593641
HO_SPDEF_HUMAN.H10MO.D,526.0,2.97685908996,0.0151157913008,0.0605177238806,0.969742603699,0.535543473558,0.710703655132
HO_ZN524_HUMAN.H10MO.D,85.0,33.0430930302,0.0354767184035,0.148837209302,0.842574121795,0.659478004125,0.712899786658
HO_MYOG_HUMAN.H10MO.D,485.0,11.4116992187,0.0417814508724,0.0628236343061,0.88053465017,0.174032852366,0.713710963786
HO_ZIC2_HUMAN.H10MO.C,747.0,37.6768247379,-0.0224253565222,0.0504923618932,0.539017572371,0.324735347087,0.719614555984
HO_ZIC1_HUMAN.H10MO.B,747.0,37.6768247379,-0.0224253565222,0.0504923618932,0.539017572371,0.324735347087,0.719614555984
HO_STAT1_HUMAN.H10MO.A,244.0,-16.8909295072,0.0388989837809,0.0878489326765,0.877067986412,0.245527461451,0.720360759326
HO_TBX4_HUMAN.H10MO.D,137.0,-67.545884196,0.00981647460521,0.116483516484,0.676155675829,0.816744217619,0.723799421286
HO_ZN740_HUMAN.H10MO.D,1433.0,-3.19927570761,0.0154609237965,0.0363458336265,0.939121218396,0.411745711513,0.724764168283
HO_RFX2_HUMAN.H10MO.C,539.0,18.18591182,-0.0221212121212,0.0590324997918,0.70060174753,0.592728715505,0.725353696018
HO_GATA4_HUMAN.H10MO.B,3404.0,-14.3384735398,0.00899992715545,0.0236003616787,0.645518339542,0.253958736807,0.725897521145
HO_RXRG_HUMAN.H10MO.B,216.0,54.9545256683,-0.0241956241956,0.0926573426573,0.637188234525,0.556777327003,0.727850511435
HO_EGR3_HUMAN.H10MO.D,304.0,-39.6934468653,0.0375411825906,0.0781902042609,0.673881298188,0.293141463546,0.729069546301
HO_HXB3_HUMAN.H10MO.D,1031.0,-23.0141083568,0.0167318982387,0.0425592202199,0.691170274464,0.179073791831,0.731139631293
HO_RUNX3_HUMAN.H10MO.C,1128.0,-21.8525183404,0.000792236086354,0.0406739020697,0.673164267854,0.959584639413,0.731827410944
HO_BARX2_HUMAN.H10MO.D,2558.0,-13.6118858031,0.00935070470144,0.0270773854245,0.705824530312,0.218372357312,0.732338047286
HO_HEY1_HUMAN.H10MO.D,781.0,-12.7591591732,0.038133868914,0.0487933605141,0.841523084509,0.119917243572,0.732970091691
HO_ZBTB6_HUMAN.H10MO.D,236.0,47.6837880416,0.00891573195283,0.0882030278651,0.667776372781,0.832373866543,0.734261578815
HO_IRF1_HUMAN.H10MO.A,879.0,-17.6880037299,0.0239808650093,0.0459339699182,0.763366869297,0.219055575792,0.734412514038
HO_ZKSC3_HUMAN.H10MO.D,64.0,-55.3304830478,0.0453201970443,0.168067226891,0.755837509805,0.535790032651,0.738561469759
HO_IRF7_HUMAN.H10MO.C,1794.0,-18.7406402992,0.00647841543678,0.0321080337381,0.648990688866,0.654276188603,0.738581340142
HO_MYBA_HUMAN.H10MO.D,37.0,-79.1843685264,0.154970760234,0.218954248366,0.748962538986,0.16814993032,0.741229834739
HO_FOXP3_HUMAN.H10MO.D,5864.0,-4.97251348968,0.00799509196973,0.0177357714383,0.827368633913,0.253476431031,0.742369749579
HO_SCRT2_HUMAN.H10MO.D,194.0,-11.7478638071,0.00882509303562,0.0963960052106,0.922527557596,0.741792520476,0.742906890139
HO_HAND1_HUMAN.H10MO.D,594.0,-21.2551642927,-0.00797115417323,0.055296803653,0.748907642429,0.718979516222,0.744564022083
HO_INSM1_HUMAN.H10MO.C,149.0,-25.6494685426,0.0289330922242,0.109810479376,0.85189999822,0.597188585005,0.744846890736
HO_PAX5_HUMAN.H10MO.A,2718.0,-15.0431690625,0.0235462735463,0.0259504674697,0.654781556052,0.0679282245236,0.745364825117
HO_VAX2_HUMAN.H10MO.D,220.0,70.6260313893,-0.0181052631579,0.0911118737131,0.563288779747,0.448529382491,0.746615109722
HO_WT1_HUMAN.H10MO.D,3455.0,-6.30343846222,0.0213757120265,0.022976363219,0.761423941994,0.173068400958,0.747777007699
HO_BPTF_HUMAN.H10MO.D,5118.0,-2.90087752521,-0.000757457173509,0.0188879657802,0.908886963381,0.909569689254,0.747796557954
HO_OTX1_HUMAN.H10MO.D,11394.0,3.11783328146,-0.00209349175018,0.0126462373917,0.853176759438,0.678897567419,0.750220349455
HO_GABPA_HUMAN.H10MO.A,588.0,26.0098422378,-0.0123572494707,0.0552190121156,0.465055085183,0.759204784702,0.751620866113
HO_PO3F3_HUMAN.H10MO.D,2245.0,17.2538974758,-0.00888329103195,0.0282986765382,0.658398251728,0.206017497012,0.754541498185
HO_HEN1_HUMAN.H10MO.C,175.0,52.8606726118,-0.0332634887376,0.100375234522,0.61971360134,0.590493998391,0.7556679259
HO_HTF4_HUMAN.H10MO.B,5338.0,6.09841491886,-0.0089331852005,0.0183607850202,0.796352680792,0.334305664034,0.755951360193
HO_CREM_HUMAN.H10MO.C,160.0,-45.1909115881,0.0698039215686,0.104890604891,0.638601587569,0.376359311065,0.756661507848
HO_MGAP_HUMAN.H10MO.D,65.0,-31.8833245152,0.0,0.164285714286,0.892832898775,0.5,0.756797221427
HO_PPARD_HUMAN.H10MO.D,197.0,-38.3225586817,0.0181443298969,0.0943813131313,0.771798558855,0.620225729841,0.757654099656
HO_VDR_HUMAN.H10MO.B,495.0,35.1044642006,-0.0223673469388,0.0595990519455,0.614249549597,0.421006670188,0.761437873745
HO_FOSL1_HUMAN.H10MO.A,1269.0,20.8310438988,-0.0219571248173,0.0372154726993,0.58074779517,0.429228952449,0.765574680946
HO_CEBPE_HUMAN.H10MO.A,81.0,-89.0079310319,0.0110159118727,0.145431145431,0.627220115999,0.874901975084,0.766712065128
HO_ZIC3_HUMAN.H10MO.C,1013.0,-17.1060847251,0.00350048336296,0.0415029507991,0.737771233354,0.789041078416,0.768300359515
HO_ARI5B_HUMAN.H10MO.C,446.0,-35.533495285,0.0204171946976,0.0623528456605,0.683787885439,0.348705461761,0.768496917072
HO_E2F7_HUMAN.H10MO.D,42.0,94.5392166206,0.0952380952381,0.2,0.683097351386,0.293113955673,0.770952944677
HO_PRRX1_HUMAN.H10MO.D,20927.0,-0.664230488058,0.00335362176189,0.009152449469,0.956923134601,0.367946073903,0.77148059653
HO_ELF5_HUMAN.H10MO.D,1396.0,-18.0302718623,0.0297708482147,0.0352084118133,0.699353241776,0.0607177886207,0.773675904092
HO_BARH1_HUMAN.H10MO.D,381.0,14.9319823759,-0.00328565906455,0.066828506055,0.873985204184,0.864794093826,0.778530991955
HO_NFYC_HUMAN.H10MO.B,655.0,-37.5259780141,0.0201279683623,0.0510322822823,0.389011544675,0.606495998512,0.778777878467
HO_AP2B_HUMAN.H10MO.B,1019.0,14.8615052632,-0.00900307422047,0.0409305383663,0.675348060186,0.731450688346,0.779793935992
HO_EGR2_HUMAN.H10MO.C,1751.0,-18.0984717673,0.0219441833751,0.0311723993563,0.468625799558,0.339218939751,0.783355994806
HO_ELK3_HUMAN.H10MO.D,981.0,0.618398199927,0.0226320514739,0.0414426897266,0.989289974153,0.439139014416,0.786398644413
HO_FOXI1_HUMAN.H10MO.B,1008.0,-11.4333779455,-0.00977225672878,0.0408840391499,0.791904609063,0.746635933859,0.787360512491
HO_ETS1_HUMAN.H10MO.C,1643.0,-11.2779670606,0.0254215939065,0.0320153065014,0.769389432707,0.227561734225,0.788203127602
HO_DPRX_HUMAN.H10MO.D,77.0,53.4403888306,0.0,0.146341463415,0.757940935032,1.0,0.788588525202
HO_HOMEZ_HUMAN.H10MO.D,171.0,20.7288730121,0.0169561621175,0.0985319028797,0.871106078087,0.512143313197,0.789798725517
HO_DLX5_HUMAN.H10MO.D,2222.0,-2.7906466065,-0.000675180041256,0.0275025090863,0.943481207373,0.932349316017,0.790162345539
HO_TFE3_HUMAN.H10MO.C,880.0,21.0609080884,-0.0160259892091,0.0434543111333,0.675382880872,0.590843812113,0.793786757873
HO_ZFX_HUMAN.H10MO.C,2030.0,18.3730676951,-0.00582906273529,0.0286655452761,0.438217322675,0.774238885514,0.79394660185
HO_SRF_HUMAN.H10MO.A,806.0,-0.995521991669,0.013764667395,0.0453462693233,0.987048327352,0.535508353237,0.795270059708
HO_CPEB1_HUMAN.H10MO.D,17379.0,4.40562605575,-0.00433128774033,0.00981058577107,0.745245843443,0.243583845218,0.79540530355
HO_PITX3_HUMAN.H10MO.D,264.0,-38.0218530278,0.0612767940354,0.0793256433008,0.740873015883,0.0914735743859,0.795415398082
HO_MECP2_HUMAN.H10MO.C,32678.0,4.90035795033,-0.0045073051271,0.00715802440415,0.495825264958,0.325882015623,0.795513119694
HO_ELF2_HUMAN.H10MO.C,1165.0,7.0989925891,-0.000132640067912,0.0376220053239,0.848828111766,0.996298223295,0.797834961743
HO_RFX1_HUMAN.H10MO.C,320.0,-32.6429527796,0.0638380997031,0.0714087906002,0.694421434064,0.151049656701,0.798026229659
HO_ESR1_HUMAN.H10MO.S,218.0,-28.1861308212,0.00673400673401,0.0862556803567,0.813813848397,0.883621848713,0.799005435579
HO_SOX8_HUMAN.H10MO.D,233.0,-22.6223770895,-0.00980103168755,0.0834457939721,0.845346861526,0.72433686933,0.799251904758
HO_NR6A1_HUMAN.H10MO.B,196.0,8.22033211962,0.0137672090113,0.0909187692963,0.950692770303,0.725081881385,0.799736228136
HO_AIRE_HUMAN.H10MO.C,497.0,2.14550472254,-0.0140445797965,0.0573192239859,0.978691662495,0.489832207938,0.799750037103
HO_PROP1_HUMAN.H10MO.D,825.0,0.0946786937379,0.0250167601708,0.044426847573,0.998833608423,0.043525111026,0.803190520317
HO_ZN143_HUMAN.H10MO.A,608.0,18.5087875632,-0.0452182952183,0.051632241539,0.689485470009,0.264767061579,0.804361397268
HO_HXD10_HUMAN.H10MO.D,493.0,-7.37260763265,0.0156846609612,0.0570949757749,0.928074201565,0.399056792323,0.807358197354
HO_ESX1_HUMAN.H10MO.D,832.0,11.1972076834,-0.0107750647429,0.0438775332392,0.856617953344,0.380579707105,0.811042664656
HO_BATF3_HUMAN.H10MO.D,213.0,-53.6599969338,-0.00452528837622,0.0863628142521,0.672206963897,0.842304265515,0.812018526175
HO_HXD9_HUMAN.H10MO.D,9168.0,-3.21284724086,0.00850527762856,0.0132636799885,0.861138690089,0.111897731146,0.812632801342
HO_HXB2_HUMAN.H10MO.D,354.0,-0.938023280264,-0.0016971404784,0.0667832620806,0.992026338833,0.948434652391,0.815926585396
HO_ERR1_HUMAN.H10MO.D,1226.0,-9.3212424788,0.00551439277806,0.0358459784417,0.850275267023,0.688903219623,0.819954977043
HO_ERR3_HUMAN.H10MO.B,1348.0,-16.7778702056,0.014378056494,0.0341998231653,0.73459575988,0.2280902756,0.820328078845
HO_ERR2_HUMAN.H10MO.A,1348.0,-16.7778702056,0.014378056494,0.0341998231653,0.73459575988,0.2280902756,0.820328078845
HO_STF1_HUMAN.H10MO.B,1348.0,-16.7778702056,0.014378056494,0.0341998231653,0.73459575988,0.2280902756,0.820328078845
HO_IRX3_HUMAN.H10MO.D,903.0,-19.821122657,0.0199068420845,0.0417767094968,0.750640361667,0.191763015375,0.82055364387
HO_HXB13_HUMAN.H10MO.D,2253.0,8.39836868557,-0.0112120566873,0.0264750449928,0.821231613528,0.35075466944,0.820620447512
HO_E2F3_HUMAN.H10MO.B,46.0,-28.4102445108,0.0434782608696,0.181818181818,0.874760800836,0.710139015489,0.820964431337
HO_RORA_HUMAN.H10MO.B,283.0,-11.6179071419,0.0439148681055,0.0739839870275,0.914980194836,0.0668303716594,0.822469156733
HO_TFEB_HUMAN.H10MO.C,1071.0,-2.11096582638,-0.0081636211466,0.0379712275543,0.956705601108,0.782216536003,0.828744548345
HO_STA5B_HUMAN.H10MO.C,1624.0,3.87203948774,0.00369458128079,0.0308261405672,0.930254181594,0.784569845379,0.830111720171
HO_RAX2_HUMAN.H10MO.D,959.0,16.1360391139,-0.00429485226927,0.0400214986105,0.785594383955,0.748011474477,0.831030953807
HO_MEOX2_HUMAN.H10MO.D,1540.0,-3.51200085905,-0.00136993003572,0.0315971799348,0.939750835287,0.885836662787,0.831781811329
HO_PO2F1_HUMAN.H10MO.B,2298.0,-5.3936512878,0.00637834367936,0.0258984493767,0.884195067544,0.548406262528,0.832203185088
HO_FOXH1_HUMAN.H10MO.A,655.0,-9.05736691594,0.0133333333333,0.0482663514578,0.894100877456,0.512660214761,0.832608979504
HO_STAT6_HUMAN.H10MO.C,648.0,-21.0082322451,0.00743090685644,0.0485237730061,0.76857889038,0.706966413653,0.832632152314
HO_ESR2_HUMAN.H10MO.S,13365.0,-4.89648931125,0.00917974106396,0.0107520086767,0.743462798954,0.0738933938874,0.832950594112
HO_MAFK_HUMAN.H10MO.A,167.0,-68.8547351476,0.0304948216341,0.0950486295314,0.627658264217,0.406958735364,0.833036694543
HO_MYCN_HUMAN.H10MO.B,2913.0,5.1611047822,-0.00948664976338,0.0229702564567,0.860487841992,0.49161500417,0.83320638051
HO_ANDR_HUMAN.H10MO.A,421.0,3.1561343447,-0.0394671483405,0.0600182356964,0.969631842873,0.250126827234,0.833915356409
HO_NANOG_HUMAN.H10MO.S,4582.0,0.0343932302583,0.00574302328705,0.0182676354483,0.998984253393,0.389423132079,0.836223702927
HO_PO6F1_HUMAN.H10MO.D,218.0,-0.359926740754,0.017344447251,0.0828473413379,0.997573144178,0.433905768652,0.836918329215
HO_NFIL3_HUMAN.H10MO.C,291.0,-9.85375859138,-0.0133207368918,0.0716954022989,0.926543388453,0.637178368985,0.838257278233
HO_SOX3_HUMAN.H10MO.D,549.0,-17.1197742533,-0.00191718812408,0.0523456988815,0.817566471373,0.917406688878,0.839699776723
HO_MAX_HUMAN.H10MO.A,169.0,20.2376441864,-0.0528159148221,0.093543758967,0.885174218244,0.341425159566,0.84079776159
HO_SRBP2_HUMAN.H10MO.B,1338.0,-2.3836554981,0.000167628856302,0.0334469153515,0.958265747739,0.992482636584,0.843284993714
HO_TAL1_HUMAN.H10MO.S,162.0,-35.8013400875,0.010989010989,0.0952902519168,0.807875996557,0.604196802599,0.843345552968
HO_ASCL2_HUMAN.H10MO.D,1871.0,-11.8642201531,0.00776019511348,0.028305776605,0.760631470873,0.578497271533,0.84335157459
HO_HXD12_HUMAN.H10MO.D,1902.0,2.96777921674,0.0108172438813,0.0280743639792,0.944399054115,0.281344218384,0.843427925841
HO_NGN2_HUMAN.H10MO.D,335.0,36.7022323357,0.00680247624532,0.0667759562842,0.716495116341,0.788826731164,0.843684488202
HO_NR4A3_HUMAN.H10MO.D,559.0,35.7020417463,-0.0122522660931,0.0515022566086,0.62613497433,0.598175159492,0.844715369844
HO_GRHL1_HUMAN.H10MO.D,25.0,22.9667000222,-0.159722222222,0.25,0.923382983577,0.238148683582,0.846504394772
HO_DLX3_HUMAN.H10MO.C,372.0,-26.9736967916,0.00841745972058,0.062865497076,0.775890676418,0.725140441624,0.847084107893
HO_GMEB2_HUMAN.H10MO.D,62.0,-39.5805537025,0.0291666666667,0.152391546162,0.863984164264,0.59275390354,0.847311794318
HO_MAFF_HUMAN.H10MO.A,146.0,-41.4528231854,0.031954887218,0.0997101449275,0.795823080078,0.396667245429,0.848648824798
HO_SOX4_HUMAN.H10MO.C,324.0,4.29613845558,-0.0201311575416,0.0671298977031,0.964499148777,0.53205650347,0.849398590281
HO_MITF_HUMAN.H10MO.C,973.0,6.78717839985,0.00856988008942,0.0387493409976,0.892908784552,0.761716013609,0.853506549181
HO_HNF1A_HUMAN.H10MO.A,364.0,14.546479262,-0.00871143375681,0.0630333058079,0.871334541923,0.780934320737,0.854399567523
HO_DLX6_HUMAN.H10MO.D,2198.0,7.89515884384,-0.0092383074308,0.025703384207,0.83999780128,0.258659712681,0.856980138325
HO_TF2LX_HUMAN.H10MO.D,125.0,-52.6519477289,0.0374935798665,0.106631299735,0.728054262288,0.327604382192,0.857248599055
HO_GLI1_HUMAN.H10MO.C,429.0,-8.42797322668,-0.00341274671768,0.0577277514481,0.919616962557,0.875329177026,0.859018281899
HO_TYY1_HUMAN.H10MO.A,695.0,13.7735899315,0.00168232973663,0.0454522721968,0.706274051835,0.964472459325,0.859113961276
HO_THB_HUMAN.H10MO.S,221.0,38.4670042108,-0.0556101556102,0.0800667222686,0.740844646912,0.240141585494,0.859974779623
HO_PBX3_HUMAN.H10MO.B,927.0,2.46125202959,-0.0201944025473,0.0391891007359,0.9559165497,0.525046576055,0.863084897494
HO_HXD3_HUMAN.H10MO.D,179.0,32.236669908,-0.0035008752188,0.0882352941176,0.825403838605,0.909829754047,0.866214822406
HO_BATF_HUMAN.H10MO.S,1360.0,-1.07613910081,0.00421512289054,0.0322476928692,0.977225682442,0.871023494855,0.867217593039
HO_MYC_HUMAN.H10MO.A,148.0,-52.4517721042,0.00568702990277,0.0969079939668,0.693210470478,0.92120923156,0.867582876053
HO_ENOA_HUMAN.H10MO.A,295.0,13.1623381105,-0.0491954022989,0.0684656972409,0.888842292464,0.235711526771,0.870855795755
HO_ETV5_HUMAN.H10MO.D,547.0,-4.45530722819,0.0446949034708,0.0503703703704,0.949390384637,0.149119631416,0.871547144598
HO_PRGR_HUMAN.H10MO.S,41491.0,0.0354314640206,-0.00357137547185,0.0058163636975,0.996761311453,0.171868673646,0.873373157535
HO_ATF1_HUMAN.H10MO.B,407.0,17.2729069715,-0.0131470630962,0.0581719483568,0.784648866261,0.787927003103,0.874472546908
HO_KLF12_HUMAN.H10MO.D,511.0,17.6965896612,-0.0456885456885,0.051870039223,0.769958500054,0.273127663998,0.874956199982
HO_STAT3_HUMAN.H10MO.A,155.0,-56.6319648172,0.0368139223561,0.0937822054277,0.626387277028,0.601390891903,0.875415013794
HO_NRL_HUMAN.H10MO.D,180.0,-43.1908423858,0.034388916378,0.0866540164453,0.699487027293,0.588871406897,0.878126752061
HO_PAX8_HUMAN.H10MO.D,266.0,-8.63063337945,0.0201098963349,0.0714285714286,0.931920201699,0.635917679842,0.878216188053
HO_ETV7_HUMAN.H10MO.D,212.0,33.5797840271,-0.0367201426025,0.0798437641929,0.755617831167,0.529182569163,0.878633495697
HO_NKX62_HUMAN.H10MO.D,622.0,-18.1865448931,0.00546357615894,0.0467928222539,0.802051844141,0.792643564362,0.879323498686
HO_MLX_HUMAN.H10MO.D,128.0,-7.49126868893,-0.0186274509804,0.102453832532,0.956874349356,0.80163611222,0.87955225588
HO_HXD13_HUMAN.H10MO.D,1355.0,-8.80091915703,-0.00691846685029,0.0317769897557,0.857787687871,0.671001800091,0.879870506672
HO_BCL6_HUMAN.H10MO.C,626.0,-2.91572282797,0.0105630925139,0.046605595139,0.966069956252,0.651203741217,0.879931596306
HO_VSX2_HUMAN.H10MO.D,349.0,5.0266122448,0.00253339474896,0.0622046195833,0.958423481116,0.900646934734,0.880976109996
HO_ATF6A_HUMAN.H10MO.B,217.0,24.7704211914,0.00161399932042,0.0785739010038,0.804712039235,0.975047774854,0.881436357421
HO_NKX22_HUMAN.H10MO.D,929.0,-7.56419648694,0.0108824619948,0.0381553958442,0.900748406956,0.46655534387,0.882624090115
HO_PURA_HUMAN.H10MO.D,3623.0,0.963057219341,0.0183523147031,0.0193770232709,0.968192223912,0.177829176129,0.88305067045
HO_MEF2C_HUMAN.H10MO.C,1610.0,-9.71492228291,0.00389512784939,0.0289984219809,0.826077579101,0.762489144969,0.883450719205
HO_COE1_HUMAN.H10MO.A,681.0,12.4855992052,-4.31369165732e-05,0.0444589082704,0.843003879681,0.998427603293,0.883646019906
HO_BARX1_HUMAN.H10MO.D,159.0,23.4972755035,-0.0450221940393,0.0913821138211,0.86936466895,0.30068827014,0.884104648364
HO_FLI1_HUMAN.H10MO.A,790.0,26.2178323466,-0.0299184740809,0.041253583277,0.552033923095,0.392417224905,0.884371462284
HO_LHX8_HUMAN.H10MO.D,393.0,2.22956928107,-0.014274611399,0.0581815326633,0.980898333584,0.391068188955,0.886242221607
HO_DUXA_HUMAN.H10MO.D,532.0,-0.872505568212,0.0310119156996,0.0500455736584,0.991432348625,0.0724710626979,0.886553927692
HO_NR5A2_HUMAN.H10MO.C,1940.0,4.57782707376,-0.00914571837319,0.0262853900249,0.91170313151,0.410628349233,0.887889816296
HO_RARA_HUMAN.H10MO.C,157.0,22.0967816299,-0.00802489354733,0.0915966386555,0.869194671385,0.872048675744,0.889453599594
HO_KLF13_HUMAN.H10MO.D,1400.0,12.7990780217,-0.00724864190115,0.0308233211493,0.736182764343,0.733344608372,0.889837347807
HO_NF2L2_HUMAN.H10MO.D,451.0,-30.5420207875,0.0170871107607,0.0540465301253,0.649808874574,0.699003033821,0.890768127328
HO_STA5A_HUMAN.H10MO.B,991.0,12.1611472638,0.0178604931927,0.0365497076023,0.834026767778,0.291090678864,0.890863537753
HO_HXD8_HUMAN.H10MO.D,1133.0,20.5915306337,0.00442430936468,0.0341923161224,0.693689003199,0.755680791882,0.890929730483
HO_LHX6_HUMAN.H10MO.D,216.0,-21.3151109749,0.0481338481338,0.0776223776224,0.868927378374,0.0458584733296,0.891982952793
HO_GATA2_HUMAN.H10MO.A,1021.0,-13.4278749877,0.0205476821446,0.0359437054174,0.805797654982,0.229871665012,0.892017536503
HO_TFAP4_HUMAN.H10MO.C,771.0,-5.21510370118,-0.00400836763614,0.0413308913309,0.926577822292,0.87937435544,0.892548657872
HO_ISX_HUMAN.H10MO.D,1906.0,-6.08135559365,-0.0110795454545,0.0262696481675,0.883417480061,0.216444002332,0.8938989493
HO_NR2C2_HUMAN.H10MO.A,383.0,30.4791914405,-0.00313642066219,0.0580421122258,0.725368787191,0.92479148492,0.896680351937
HO_GLIS3_HUMAN.H10MO.D,565.0,1.12262929727,0.0211285266458,0.0478619958073,0.98694057592,0.32206446649,0.896945828182
HO_AHR_HUMAN.H10MO.B,138.0,2.47657168271,0.00380952380952,0.0963382737576,0.984055799479,0.949510037428,0.897962060791
HO_ATF2_HUMAN.H10MO.B,714.0,12.1756788302,0.00193141134351,0.0423038964115,0.723726530186,0.958410305551,0.901743451713
HO_ELK4_HUMAN.H10MO.A,146.0,41.8861962935,-0.0596649727085,0.0928792569659,0.574440689481,0.465525241957,0.902179831413
HO_GLI2_HUMAN.H10MO.B,305.0,-1.85199184588,0.00881948029599,0.0644289450741,0.98542450845,0.721807585073,0.902311103319
HO_SOX7_HUMAN.H10MO.D,84.0,-1.8967190248,-0.0204545454545,0.121645796064,0.992462146071,0.613892513438,0.903978888053
HO_NKX61_HUMAN.H10MO.D,1322.0,-6.34981230234,0.00429509795617,0.0310295414462,0.898493855238,0.716053852609,0.904178723247
HO_KAISO_HUMAN.H10MO.A,159.0,-1.95286886414,0.0132953466287,0.0886363636364,0.973470822228,0.856755950021,0.904292458179
HO_TF7L2_HUMAN.H10MO.A,618.0,2.86813447513,0.00336884084588,0.0452528837622,0.967947339988,0.872099953412,0.904934119276
HO_HXB1_HUMAN.H10MO.D,273.0,5.91484548596,-0.0184210526316,0.0676367996512,0.957255753724,0.559313037832,0.906350351549
HO_VENTX_HUMAN.H10MO.D,436.0,-18.8081555202,0.0117686688141,0.0536291007989,0.828065647883,0.547384937321,0.906443409622
HO_LEF1_HUMAN.H10MO.C,40839.0,-1.89774850451,-0.000109179600294,0.00558599748277,0.828598678335,0.967589071705,0.906929887608
HO_NFIA_HUMAN.H10MO.S,15313.0,4.19450227739,-0.00549997601169,0.00911384248023,0.770164441923,0.22264305059,0.907051767612
HO_ZBT49_HUMAN.H10MO.D,59.0,53.2067998712,0.0361305361305,0.145,0.77817800902,0.687351486144,0.907103410666
HO_GBX1_HUMAN.H10MO.D,2753.0,4.39406839229,-0.00181241456476,0.0214338796104,0.900015698412,0.805677800726,0.907234374749
HO_OTX2_HUMAN.H10MO.C,931.0,-5.58201389712,-0.0133327791478,0.0367479267546,0.924814235143,0.473090196512,0.907518964398
HO_EOMES_HUMAN.H10MO.D,583.0,14.7267178943,-0.0177003648346,0.0463217519079,0.846021507336,0.340916914787,0.90780502421
HO_HMX1_HUMAN.H10MO.D,564.0,-2.8885500962,-0.00890700483092,0.0469433006018,0.970142008826,0.600372322201,0.90985426077
HO_STAT2_HUMAN.H10MO.B,1148.0,-0.0482929857081,0.0328901839374,0.032950263925,0.999248293515,0.0746688450701,0.910390595002
HO_HME1_HUMAN.H10MO.D,528.0,-6.02933092398,0.000573953968892,0.0483192366081,0.939632595441,0.972445512139,0.912058349191
HO_SMAD1_HUMAN.H10MO.D,560.0,-4.5600414565,0.0142375995101,0.0468872470286,0.950056836863,0.608313228094,0.912646165167
HO_BHE40_HUMAN.H10MO.A,266.0,-28.3396734379,0.02363584959,0.0677382319173,0.744985256705,0.669663455784,0.913183125881
HO_TCF7_HUMAN.H10MO.C,395.0,-30.5580265604,0.0210844918689,0.0556592039801,0.725997792647,0.532186658722,0.913650855835
HO_MAFK_HUMAN.H10MO.S,567.0,-23.0361186581,0.0300341042045,0.0465052146009,0.696565970697,0.443134826553,0.913904499017
HO_SMAD3_HUMAN.H10MO.C,848.0,7.88369502743,-0.00682975703432,0.0380743590891,0.896890031027,0.723028837202,0.914146907524
HO_ZKSC1_HUMAN.H10MO.C,1699.0,-13.0602712047,-0.00379911354017,0.0268501120436,0.765795554144,0.640239009633,0.916835071518
HO_USF1_HUMAN.H10MO.A,439.0,-33.6116052292,0.00147382405447,0.0525180157533,0.505707173536,0.975305175355,0.91692389098
HO_PRDM4_HUMAN.H10MO.D,44.0,-75.2406366149,0.0351966873706,0.163636363636,0.733901472519,0.713292129011,0.917874895062
HO_FOXD2_HUMAN.H10MO.D,1223.0,7.24369071931,-0.009163646127,0.0315870570108,0.891277268885,0.374318683496,0.917954801972
HO_HXC6_HUMAN.H10MO.D,190.0,16.7611741161,0.0412210338681,0.0795493342438,0.897151459334,0.293403380202,0.918045226479
HO_EVX2_HUMAN.H10MO.A,1097.0,-0.833796054048,-0.0123714289516,0.0332670040999,0.987629590099,0.37873513592,0.91832092499
HO_ZN282_HUMAN.H10MO.D,375.0,-0.0496057200527,-0.0303418803419,0.056355468525,0.999539834646,0.351947552414,0.921639581258
HO_PAX2_HUMAN.H10MO.D,101.0,-9.20432376509,0.0815602836879,0.107875307629,0.958033414657,0.222132275664,0.922146460543
HO_GBX2_HUMAN.H10MO.D,819.0,-5.35691518595,0.0140686315438,0.0381397578809,0.933922508732,0.267944640059,0.922888365356
HO_DMBX1_HUMAN.H10MO.D,1252.0,6.51736942803,0.00392946897202,0.0309056774114,0.89966494104,0.74309093551,0.923086214226
HO_UBIP1_HUMAN.H10MO.D,102683.0,-0.416568503559,0.000356042196512,0.00342758270472,0.938831575437,0.843114203639,0.923306309931
HO_TYY2_HUMAN.H10MO.D,203.0,-39.2596682578,-0.00165048543689,0.07605466429,0.569476917998,0.980762354544,0.923440807004
HO_MCR_HUMAN.H10MO.D,322.0,-6.72157793817,0.0104178724389,0.0604000625098,0.948320997395,0.73155526987,0.924629679877
HO_MEF2D_HUMAN.H10MO.C,424.0,-23.3337701325,0.000892857142857,0.0527525519977,0.782586908635,0.972283487708,0.924952274255
HO_FUBP1_HUMAN.H10MO.D,7976.0,-3.24574169223,-0.0031408956281,0.012205637865,0.866985608833,0.620796300738,0.926334565944
HO_KLF14_HUMAN.H10MO.D,656.0,23.3222356495,-0.0100410007531,0.0422996333159,0.628896905697,0.78440026975,0.926533172666
HO_NR1H4_HUMAN.H10MO.C,120.0,33.5622349632,-0.0503496503497,0.0983796296296,0.829043268694,0.359636881555,0.92656127371
HO_ETS2_HUMAN.H10MO.C,789.0,7.20684813589,0.00275689223058,0.0385797884022,0.891497628713,0.926911924951,0.926732155084
HO_HESX1_HUMAN.H10MO.D,139.0,5.18382117759,-0.00228310502283,0.0910256410256,0.971525943351,0.971145128945,0.928083968065
HO_CEBPZ_HUMAN.H10MO.D,795.0,-5.11452782975,0.00395629715906,0.0383249990457,0.911894800056,0.909457810527,0.928264417985
HO_HSFY1_HUMAN.H10MO.D,32.0,14.6921477063,0.0588235294118,0.1875,0.955572159823,0.339898018685,0.93024810183
HO_CEBPD_HUMAN.H10MO.B,322.0,-28.8100667802,0.0263025177484,0.0598680075424,0.76882519213,0.370231076596,0.930727301346
HO_ZN350_HUMAN.H10MO.C,111.0,20.2893546965,-0.0818713450292,0.101078167116,0.883902422836,0.231258014792,0.930903520456
HO_FEV_HUMAN.H10MO.C,3142.0,4.34621886139,0.00887181216104,0.0192439165407,0.884271283497,0.502477014107,0.931064391605
HO_ONEC3_HUMAN.H10MO.D,1066.0,11.5843712658,-0.0144688644689,0.0329532799491,0.834804558335,0.34043502073,0.931126147292
HO_KLF6_HUMAN.H10MO.D,19804.0,2.85947887598,-0.00134024915777,0.0076684401357,0.7670416405,0.824127058991,0.932188853147
HO_GATA5_HUMAN.H10MO.D,632.0,-2.19495542439,0.025001002446,0.0426229508197,0.976319879085,0.169660215728,0.932379213453
HO_ZN784_HUMAN.H10MO.D,220.0,-13.3915536972,0.00596816976127,0.0717602363867,0.914238016805,0.845694509624,0.933762466315
HO_E4F1_HUMAN.H10MO.D,290.0,3.22973936647,0.0344827586207,0.0625,0.94262679177,0.547131085738,0.933764469034
HO_ERG_HUMAN.H10MO.B,219.0,-20.3736925718,-0.014014014014,0.071792693288,0.766231082729,0.835679461884,0.933964750442
HO_FOXB1_HUMAN.H10MO.D,382.0,-14.8323505079,0.0011269618757,0.0544444444444,0.881063395731,0.954844818274,0.935202819591
HO_SNAI1_HUMAN.H10MO.C,6287.0,6.83853269697,-0.00637687678105,0.0135140340541,0.747048264505,0.449756174994,0.935211467796
HO_MTF1_HUMAN.H10MO.C,48.0,-60.8962496737,0.0208695652174,0.151515151515,0.752629514076,0.867518345197,0.935788010823
HO_HSF4_HUMAN.H10MO.D,407.0,22.0505292298,-0.0136363636364,0.0527323611725,0.802620248608,0.620254960448,0.936400304704
HO_NR1H2_HUMAN.H10MO.D,5.0,94.563042028,-0.333333333333,0.5,0.855154753426,0.361310428526,0.93652811101
HO_CENPB_HUMAN.H10MO.D,5.0,-30.0200133422,0.0,0.5,0.950836911729,0.5,0.93652811101
HO_ZBED1_HUMAN.H10MO.D,5.0,-249.16611074,-0.333333333333,0.5,0.531910052757,0.361310428526,0.93652811101
HO_PBX1_HUMAN.H10MO.B,370.0,8.44861486605,-0.00321637426901,0.0550678371907,0.9277955264,0.875409691821,0.936862915423
HO_TBX19_HUMAN.H10MO.D,47.0,-52.5241465325,-0.0398550724638,0.152173913043,0.822654707278,0.576334485104,0.938382069763
HO_CR3L1_HUMAN.H10MO.D,105.0,-56.3480228649,-0.00544662309368,0.101886792453,0.706198921724,0.947782192936,0.940397692889
HO_KLF4_HUMAN.H10MO.A,12985.0,-1.11273003471,-0.00213659298759,0.00929911147485,0.903744063445,0.805792432297,0.940790072035
HO_CUX2_HUMAN.H10MO.D,119.0,-35.2602134985,0.00371640937679,0.0961538461538,0.822184178721,0.875444311326,0.941192035515
HO_CRX_HUMAN.H10MO.C,5034.0,-5.38285191146,0.00793089097355,0.0148779434536,0.828562646593,0.302720675769,0.942008612588
HO_ZN410_HUMAN.H10MO.D,21.0,-50.5892817434,-0.0277777777778,0.227272727273,0.87978087614,0.882420114076,0.943165779553
HO_PAX2_HUMAN.H10MO.S,9440.0,3.35099363566,-0.00311528563977,0.0108375972176,0.844872908495,0.66460221142,0.943449934212
HO_MAFG_HUMAN.H10MO.C,120.0,-27.5274425374,0.0251748251748,0.0949074074074,0.868251706101,0.528384625229,0.944059437834
HO_TEAD1_HUMAN.H10MO.D,649.0,-14.9674250919,0.0122815349544,0.0409434972093,0.819689858964,0.616276029971,0.944894913048
HO_FOXC1_HUMAN.H10MO.C,415.0,-7.55889113326,0.0252996933371,0.0510673234811,0.921089732774,0.500861019646,0.945249902347
HO_FOXK1_HUMAN.H10MO.D,97.0,16.0149501377,-0.0149572649573,0.104723707665,0.919222457325,0.809094680258,0.946564628227
HO_HNF4A_HUMAN.H10MO.A,261.0,28.0752693846,-0.000708382526564,0.0640887290168,0.801590283497,0.980437328775,0.947396060529
HO_GABP1_HUMAN.H10MO.C,567.0,7.95299131557,-0.020568399572,0.0434837092732,0.831015712953,0.621240954718,0.947787993068
HO_HMGA2_HUMAN.H10MO.D,118.0,-20.2820264308,0.00841799709724,0.0949519230769,0.90278740636,0.821358502889,0.948161457857
HO_CREB1_HUMAN.H10MO.A,245.0,-11.3839556061,-0.0137963209811,0.0656504065041,0.825857111026,0.827678487119,0.949332013456
HO_E2F6_HUMAN.H10MO.C,964.0,-13.5982771363,0.0145228215768,0.033264033264,0.734008970272,0.58164485941,0.949624846628
HO_EVI1_HUMAN.H10MO.B,253.0,1.25691563799,0.00344611528822,0.0644257703081,0.991380757625,0.89323221665,0.951027596397
HO_TEAD4_HUMAN.H10MO.A,801.0,10.0431151632,0.00460157126824,0.0362576764006,0.867619585727,0.845773320057,0.951987859578
HO_TF7L1_HUMAN.H10MO.D,79.0,14.8336070201,0.0314102564103,0.114035087719,0.924794852066,0.743982548482,0.95215034753
HO_P73_HUMAN.H10MO.S,639.0,19.2200078369,-0.0199553282784,0.0405264195584,0.763078586064,0.445987208289,0.952300544885
HO_PITX1_HUMAN.H10MO.D,631.0,1.51518810429,-0.00974358974359,0.0407407407407,0.982026503901,0.739675564847,0.952855355997
HO_PRGR_HUMAN.H10MO.C,488.0,2.67369106286,0.00940860215054,0.046245320414,0.972142836446,0.713942733754,0.953013293512
HO_ID4_HUMAN.H10MO.D,751.0,9.205728607,-0.01517859676,0.0373365279026,0.884736759929,0.487903435888,0.953029639011
HO_SOX2_HUMAN.H10MO.B,249.0,14.9753383976,-0.00851612903226,0.0645161290323,0.893219185913,0.777642047122,0.953069258901
HO_FOXO6_HUMAN.H10MO.D,368.0,5.29405687444,0.0151096862291,0.0533013205282,0.956635410325,0.565626434591,0.953096750779
HO_MAFB_HUMAN.H10MO.D,1370.0,-8.97534128355,-0.00220578362861,0.0276754187222,0.841307244744,0.902665339374,0.953313438757
HO_GSX2_HUMAN.H10MO.D,847.0,-6.22707733688,0.00574712643678,0.035101010101,0.922248540415,0.686467547205,0.954119027951
HO_ELK1_HUMAN.H10MO.A,1014.0,-9.16900491704,-0.013057065799,0.0320548887222,0.755501909437,0.673575362812,0.954401590927
HO_BMAL1_HUMAN.H10MO.C,130.0,-7.86509187943,0.00804924242424,0.0886446886447,0.945205305168,0.916849430407,0.954462866276
HO_ELF1_HUMAN.H10MO.A,505.0,12.4507058913,-0.00200765418157,0.0451685322203,0.804064491564,0.964011131584,0.955473814873
HO_ETV6_HUMAN.H10MO.D,326.0,22.1800971594,-0.0253918022905,0.0559899309661,0.648138730891,0.637978012836,0.956417729499
HO_ZEB1_HUMAN.H10MO.B,2118.0,-4.33497906902,-0.00785617001009,0.0220975121533,0.901854555611,0.577954833966,0.956522907025
HO_NFKB2_HUMAN.H10MO.D,551.0,15.6065952496,0.0207064715962,0.0431359532661,0.826820674293,0.451296583686,0.956589623139
HO_AP2C_HUMAN.H10MO.A,936.0,-9.2213311851,-0.00210046621217,0.033045344486,0.861240176986,0.914057650697,0.95780279311
HO_AP2D_HUMAN.H10MO.D,340.0,-3.48913164332,0.0402777777778,0.0543199465936,0.948017557873,0.422341161417,0.960233173995
HO_E2F4_HUMAN.H10MO.A,142.0,11.8214604853,0.0416914830256,0.0833333333333,0.920382140578,0.560654078787,0.961090885899
HO_SPZ1_HUMAN.H10MO.D,133.0,-2.18440516201,-0.0576662143826,0.086013986014,0.986257900592,0.37083030846,0.961196321102
HO_RXRB_HUMAN.H10MO.C,924.0,-1.57591851738,0.0163163703825,0.0329540737386,0.978152055444,0.403531593561,0.961404711539
HO_NKX28_HUMAN.H10MO.C,761.0,12.7562683644,-0.0243209620568,0.0361981518794,0.844273858055,0.175881747817,0.96192420245
HO_PO5F1_HUMAN.H10MO.A,423.0,-7.50952273717,-0.0172382953986,0.0483929216324,0.930635344473,0.489855874857,0.962151840729
HO_JUN_HUMAN.H10MO.A,2734.0,5.31473099716,-0.0021532692904,0.0191370008473,0.844663687025,0.908064034091,0.962432219207
HO_ATF3_HUMAN.H10MO.A,1011.0,0.366710179686,-0.00149154400251,0.0313563652085,0.99122412609,0.962167320881,0.962713469842
HO_HEY2_HUMAN.H10MO.D,680.0,-11.3249228886,0.0164797119513,0.0381779081815,0.862174568395,0.547448818187,0.962774427722
HO_SMRC1_HUMAN.H10MO.D,848.0,14.3554109227,-0.00241897277262,0.0341494556695,0.783161412336,0.938198703138,0.963629612047
HO_E2F1_HUMAN.H10MO.A,190.0,30.4443068464,0.0205077042456,0.0715579710145,0.737136854532,0.739604623366,0.963816506418
HO_DLX4_HUMAN.H10MO.D,1210.0,3.80947140957,0.00652944536612,0.0285407160407,0.942843129544,0.579033355143,0.964268937107
HO_ESR1_HUMAN.H10MO.A,361.0,10.1628696591,0.00645399225521,0.0518055814532,0.910909628589,0.860357964735,0.965655448851
HO_PEBB_HUMAN.H10MO.C,2933.0,1.51937006248,0.00544296214716,0.0182792904567,0.962151173339,0.605368719478,0.965820392619
HO_NFYB_HUMAN.H10MO.A,1229.0,-14.1868614584,-0.00408624817271,0.0281364578352,0.661302136788,0.886088470145,0.96623702394
HO_NR0B1_HUMAN.H10MO.D,489.0,21.9162611829,-0.035153629411,0.0444737554113,0.726344545232,0.350988050937,0.966532104861
HO_GFI1B_HUMAN.H10MO.C,676.0,-0.525233072176,0.0104696459054,0.0377421627334,0.993530198052,0.609523989188,0.967203192307
HO_ZBT7B_HUMAN.H10MO.D,578.0,-0.359328120875,-0.00537615096328,0.0407041234627,0.993860052855,0.893003732081,0.967834802673
HO_KLF3_HUMAN.H10MO.D,346.0,21.2395932548,-0.0115606936416,0.0523255813953,0.807985281985,0.767028029756,0.968746495855
HO_E2F2_HUMAN.H10MO.B,33.0,-20.4695287054,0.0955882352941,0.166666666667,0.845557187583,0.578709263234,0.969796257478
HO_HXC8_HUMAN.H10MO.D,326.0,-18.7974608788,0.00677506775068,0.0535380863468,0.843548438378,0.783235721294,0.970596774473
HO_PROX1_HUMAN.H10MO.D,1024.0,1.51249462289,0.00509357294111,0.0302981552982,0.973802752965,0.828609251317,0.971052391498
HO_SOX11_HUMAN.H10MO.D,107.0,-9.18514440863,-0.0020979020979,0.0925925925926,0.95679861463,0.954405232532,0.971490609354
HO_GSC_HUMAN.H10MO.D,235.0,-15.5070771819,-0.0141304347826,0.062582927908,0.893862789526,0.667283143279,0.972229436593
HO_MBD2_HUMAN.H10MO.B,528.0,-13.2769672535,0.0103519668737,0.0417819630569,0.779435530417,0.795997991148,0.973243639096
HO_PKNX2_HUMAN.H10MO.D,582.0,10.3587815711,-0.0180182310448,0.0397619047619,0.890780054769,0.367215800507,0.973452445783
HO_EHF_HUMAN.H10MO.S,533.0,-6.44966583732,0.00308929327127,0.0414451803633,0.925663166967,0.932022805474,0.974079451486
HO_GATA6_HUMAN.H10MO.B,1029.0,-4.56278569875,-0.0034607828321,0.0298727109978,0.933507029287,0.828833199121,0.974087531824
HO_RFX4_HUMAN.H10MO.D,380.0,-18.8076689387,0.0314905917341,0.0488764044944,0.802058963418,0.465820725455,0.97494366628
HO_NFAC4_HUMAN.H10MO.C,789.0,-13.0057531018,-0.00125949440296,0.0339469095137,0.835833855817,0.945081916623,0.975074830115
HO_DLX1_HUMAN.H10MO.D,956.0,5.89842402138,-0.000630265893424,0.0307489451477,0.92017799368,0.964411921695,0.97592773771
HO_CREB3_HUMAN.H10MO.D,73.0,60.8423633774,-0.00900900900901,0.109523809524,0.695252689683,0.934710786309,0.976598944591
HO_IRX2_HUMAN.H10MO.D,243.0,10.6780693453,0.0112199102407,0.0600110619469,0.927806193871,0.760989871379,0.978666637316
HO_RUNX1_HUMAN.H10MO.A,1460.0,3.37820532173,0.00311550451467,0.0245257452575,0.941507621677,0.839810399834,0.979413113027
HO_NOBOX_HUMAN.H10MO.C,1995.0,3.62698927774,0.0035655016344,0.0209824883901,0.928420878402,0.742574408517,0.979627611024
HO_BHE22_HUMAN.H10MO.D,410.0,-13.7311347662,0.00265700483092,0.0463516381645,0.884097639539,0.87414244528,0.979685835518
HO_EGR4_HUMAN.H10MO.D,4180.0,5.02572322176,0.00474557998594,0.0143603970999,0.754927984235,0.753715152572,0.98173157054
HO_GLI3_HUMAN.H10MO.B,403.0,0.809810352855,-0.00470420176346,0.04592039801,0.992533365348,0.831750596068,0.981744910125
HO_MAF_HUMAN.H10MO.B,2887.0,8.31147878691,-0.0130822567121,0.017247763778,0.80009712898,0.251659702759,0.981987554098
HO_BARH2_HUMAN.H10MO.D,574.0,8.03671669615,-0.0174216027875,0.0384615384615,0.913776975533,0.395413201817,0.982103773633
HO_HXA9_HUMAN.H10MO.D,173.0,10.5720038967,-0.0224538893344,0.0696306429549,0.934454395663,0.526899267668,0.98214924873
HO_PLAG1_HUMAN.H10MO.S,279.0,-5.64801294728,0.0302296837985,0.0548589341693,0.953776108447,0.291747098013,0.982729142122
HO_FOXJ3_HUMAN.H10MO.S,8977.0,-0.89500762841,0.00129405467586,0.00969655051983,0.962514343733,0.791154328582,0.983823805285
HO_PO2F2_HUMAN.H10MO.D,659.0,8.31229866343,-0.00225237699622,0.0355245560591,0.904688939483,0.900169263384,0.984237363406
HO_PPARA_HUMAN.H10MO.C,348.0,6.85179008228,0.0154761904762,0.0485063392768,0.940564348246,0.643676836649,0.984989734125
HO_MYBB_HUMAN.H10MO.D,460.0,-5.3060622061,-0.0306694973084,0.0421630303842,0.950217650297,0.238361047492,0.985418113682
HO_NR1I2_HUMAN.H10MO.C,286.0,-14.0179145943,0.000541738488057,0.053046953047,0.896873785652,0.981063016643,0.986629368553
HO_BCL6B_HUMAN.H10MO.D,427.0,-1.57722773609,0.0238545007249,0.0432372505543,0.985010641241,0.302990042886,0.9870783985
HO_RORG_HUMAN.H10MO.C,188.0,20.2797329739,0.0185941043084,0.0648673693965,0.879810008863,0.468719132602,0.987171651848
HO_ZN589_HUMAN.H10MO.D,182.0,18.3465322919,-0.0285541439806,0.0655616031667,0.878848285853,0.613220375327,0.987931667878
HO_HIC2_HUMAN.H10MO.D,2317.0,-3.42573051573,-0.0075728772013,0.0185392629103,0.921853778793,0.552051229406,0.987968885539
HO_HXA1_HUMAN.H10MO.C,223.0,3.32095894447,-0.0564762670957,0.0592234600262,0.977470953662,0.15736649042,0.987979186686
HO_GLIS1_HUMAN.H10MO.D,44.0,76.5354957135,-0.0600414078675,0.131818181818,0.726171117657,0.586525948812,0.988338375091
HO_EGR1_HUMAN.H10MO.A,5397.0,2.70997458058,0.00597674587942,0.0121145601579,0.88399147034,0.601427904874,0.988529613621
HO_MAFG_HUMAN.H10MO.S,11618.0,0.35787789459,0.00337555471644,0.00824420891426,0.982258435437,0.574080241403,0.988842726183
HO_BATF_HUMAN.H10MO.A,298.0,-11.7937344543,-0.00693787448754,0.0509589041096,0.894680145021,0.888753373277,0.988880351099
HO_HLF_HUMAN.H10MO.C,190.0,27.5547496024,-0.0177462289264,0.0635550016993,0.838077273994,0.584061717099,0.98915143639
HO_STAT1_HUMAN.H10MO.S,470.0,-10.6609862207,0.0222427502762,0.0405188162221,0.885928274662,0.503290615854,0.989332410123
HO_PLAG1_HUMAN.H10MO.D,962.0,0.37266626172,0.0162398149949,0.0282137648448,0.993924858775,0.478990362684,0.990097980535
HO_GSC2_HUMAN.H10MO.D,90.0,-12.6751167445,-0.0222222222222,0.0909090909091,0.938605397026,0.747589996068,0.990413615542
HO_IRF3_HUMAN.H10MO.C,910.0,-4.33168155261,0.0157473839024,0.0287669102783,0.938076082094,0.457565578709,0.991090072373
HO_MSX2_HUMAN.H10MO.D,14968.0,-1.51854396043,0.00190083733433,0.00710994067995,0.919109753978,0.598399892736,0.991325424662
HO_OLIG1_HUMAN.H10MO.D,198.0,17.8876974894,0.00878048780488,0.0629153743908,0.894132098997,0.773554882605,0.991372204335
HO_NR1I3_HUMAN.H10MO.C,203.0,12.1042570168,-0.0164364909551,0.060119047619,0.921942041265,0.654753279309,0.991764560363
HO_OVOL1_HUMAN.H10MO.C,862.0,-7.02579723267,-0.00392744199077,0.0293359890883,0.90654945798,0.799626171564,0.99180241442
HO_ETV1_HUMAN.H10MO.B,1267.0,2.62028880942,0.00506523484044,0.0240185046262,0.930875202834,0.856184720488,0.992606068867
HO_RFX5_HUMAN.H10MO.A,220.0,13.319195253,-0.00252631578947,0.0576527110501,0.904411510227,0.963595795644,0.992758949077
HO_NFIA_HUMAN.H10MO.C,187.0,24.4060992778,-0.00996292863763,0.0613308074828,0.846656401649,0.84488973794,0.994041605046
HO_ZN639_HUMAN.H10MO.D,787.0,14.0759429907,-0.0177150607078,0.0298466771392,0.459766458318,0.600686934957,0.994188938777
HO_NKX31_HUMAN.H10MO.C,1437.0,-3.51632478249,0.00150193216305,0.0219233295632,0.942558738236,0.876582079588,0.99486996876
HO_PKNX1_HUMAN.H10MO.D,489.0,1.98762254581,0.0200590366295,0.0373038419913,0.98058174658,0.402289733324,0.995182548424
HO_NDF1_HUMAN.H10MO.C,419.0,14.1454749737,-0.00403280929597,0.0400717703349,0.854289765007,0.90923065032,0.995413946093
HO_NR2F6_HUMAN.H10MO.D,387.0,6.59516979387,-0.00558644285256,0.0415923945336,0.94090078911,0.853556089587,0.995566093715
HO_IRF5_HUMAN.H10MO.D,126.0,2.8638043642,-0.0357862903226,0.072339318241,0.985265467749,0.546403253597,0.995640008136
HO_ARNT2_HUMAN.H10MO.D,339.0,21.8001134117,-0.0155967135496,0.0442823927288,0.763471690438,0.746801962474,0.995720250372
HO_ZSC16_HUMAN.H10MO.D,60.0,-28.6367382176,-0.0294117647059,0.104242424242,0.904116740901,0.377855605419,0.996197819884
HO_BHE23_HUMAN.H10MO.D,231.0,-10.2153688044,0.0324324324324,0.0528647822765,0.927028693526,0.370049034909,0.996435321774
HO_XBP1_HUMAN.H10MO.C,76.0,-19.315654881,-0.0111111111111,0.0901098901099,0.922873643215,0.890663162101,0.997178967249
HO_ETV4_HUMAN.H10MO.B,6564.0,-0.507239739514,0.00711646633327,0.00978332685509,0.979695464784,0.468695626336,0.997442061438
HO_E2F5_HUMAN.H10MO.B,120.0,-23.8874488814,0.0166852057842,0.0707506471096,0.784286537063,0.832937423012,0.997752131262
HO_TLX1_HUMAN.H10MO.S,562.0,9.64949187473,-0.00515470445939,0.0328588193275,0.890576475918,0.846439749329,0.997831562542
HO_PRD14_HUMAN.H10MO.C,400.0,4.99542712348,-0.00670268107243,0.0387520525452,0.956570173706,0.739739286522,0.997951075195
HO_SCRT1_HUMAN.H10MO.D,163.0,3.92206668342,0.0117434507678,0.0600308641975,0.977775677155,0.711556422427,0.998138182972
HO_HMX2_HUMAN.H10MO.D,722.0,4.83822567567,0.0175077714242,0.0286190608502,0.942428007864,0.30953192779,0.998246118637
HO_ESR2_HUMAN.H10MO.A,225.0,-12.0630879302,-0.000316355583676,0.050885668277,0.913524082669,0.994510106372,0.998312726199
HO_PPARA_HUMAN.H10MO.S,17929.0,0.430504376139,-0.000303689090489,0.00570989723739,0.973775874847,0.943768199185,0.99855079171
HO_COT2_HUMAN.H10MO.S,452.0,9.83472064083,0.0108082706767,0.0352818000435,0.90191503788,0.714152610198,0.998778837433
HO_NFAC3_HUMAN.H10MO.B,4844.0,1.88259363865,-0.00565590781246,0.010814555667,0.941979805641,0.403963610554,0.998851490038
HO_PO6F2_HUMAN.H10MO.D,254.0,-13.9607960311,0.0014888337469,0.0463225562488,0.902893056607,0.945857364948,0.99901978682
HO_NKX23_HUMAN.H10MO.D,440.0,-6.26182450111,0.0129961362838,0.0349457881568,0.941821709729,0.594297658106,0.999164582442
HO_HIF1A_HUMAN.H10MO.A,100.0,8.48665016373,-0.0568227290916,0.0675,0.933822019711,0.56493415474,0.999788276855
HO_HINFP_HUMAN.H10MO.C,14.0,9.43486133613,0.0,0.166666666667,0.970195130951,1.0,0.999956514899
