ID,MDS,mean,std,pvalue
HO_NFE2_HUMAN.H10MO.B,0.43949044586,0.0788025477707,0.0205956337366,0.0
HO_VDR_HUMAN.H10MO.B,0.118367346939,0.153106122449,0.0228578276136,0.128567308378
HO_FOXP3_HUMAN.H10MO.D,0.074264202601,0.00665434633812,0.00149500128513,0.0
HO_TYY1_HUMAN.H10MO.A,0.541420118343,0.107656804734,0.0166432822658,0.0
HO_MGAP_HUMAN.H10MO.D,0.0,0.0284137931034,0.0304743318045,0.351137877986
HO_NR0B1_HUMAN.H10MO.D,0.241379310345,0.256646551724,0.0285526546471,0.592854004551
HO_P73_HUMAN.H10MO.A,0.162406015038,0.143753383459,0.0131529343174,0.156151463924
HO_HNF6_HUMAN.H10MO.C,0.044474393531,0.00305795148248,0.00194118695244,0.0
HO_RUNX3_HUMAN.H10MO.C,0.0740740740741,0.0350476190476,0.00768514668389,3.8109450573e-07
HO_TBX2_HUMAN.H10MO.D,0.0934371523915,0.0823292547275,0.00930681601194,0.232664664762
HO_ZIC4_HUMAN.H10MO.D,0.0769230769231,0.361730769231,0.0978691237552,0.00361327834736
HO_CDC5L_HUMAN.H10MO.D,0.0335570469799,0.00954362416107,0.0079237731418,0.00244105488376
HO_PPARG_HUMAN.H10MO.A,0.0579710144928,0.0659710144928,0.0168844995899,0.635637293084
HO_ATF2_HUMAN.H10MO.B,0.57183908046,0.0697988505747,0.0139892365151,0.0
HO_PBX3_HUMAN.H10MO.B,0.383442265795,0.061954248366,0.0112983562661,0.0
HO_FOXC1_HUMAN.H10MO.C,0.165876777251,0.0104597156398,0.00683212958412,0.0
HO_FOXQ1_HUMAN.H10MO.C,0.0543735224586,0.00796453900709,0.00419636000158,0.0
HO_SOX8_HUMAN.H10MO.D,0.0521739130435,0.0157043478261,0.0117708556817,0.00194638585841
HO_EGR2_HUMAN.H10MO.C,0.348538011696,0.364953216374,0.0164156442586,0.317323467082
HO_GATA6_HUMAN.H10MO.S,0.0585169097114,0.022119019547,0.000839733517991,0.0
HO_ZBED1_HUMAN.H10MO.D,0.333333333333,0.0276666666667,0.0931611507014,0.00103420333595
HO_ZBTB4_HUMAN.H10MO.S,0.192307692308,0.133346153846,0.0460802458029,0.200706804738
HO_TGIF1_HUMAN.H10MO.D,0.0986842105263,0.101190789474,0.0245561702406,0.91869689007
HO_GATA1_HUMAN.H10MO.S,0.0842105263158,0.0408157894737,0.00830786042149,1.75729198748e-07
HO_NR4A2_HUMAN.H10MO.C,0.0837104072398,0.0498778280543,0.0102740553346,0.0009912052951
HO_MLX_HUMAN.H10MO.D,0.235294117647,0.0761617647059,0.0315164557171,4.43703506825e-07
HO_TAL1_HUMAN.H10MO.A,0.119815668203,0.0658387096774,0.0170411176262,0.00153779964049
HO_FOXO3_HUMAN.H10MO.B,0.0498489425982,0.0170166163142,0.00535237430987,8.56097415181e-10
HO_IKZF1_HUMAN.H10MO.C,0.131132989025,0.0985210216269,0.00194764801226,0.0
HO_CREB1_HUMAN.H10MO.A,0.570247933884,0.0776859504132,0.0244912722516,0.0
HO_DRGX_HUMAN.H10MO.D,0.0538461538462,0.00396538461538,0.00388068918115,0.0
HO_IRX3_HUMAN.H10MO.D,0.0448113207547,0.00939622641509,0.00456582332258,8.65973959208e-15
HO_BRCA1_HUMAN.H10MO.D,0.109381401065,0.0557509217534,0.00456382578421,0.0
HO_NGN2_HUMAN.H10MO.D,0.0529801324503,0.0171059602649,0.0105027162171,0.000636173049266
HO_GMEB2_HUMAN.H10MO.D,0.0333333333333,0.0344,0.0320238799787,0.97342859392
HO_NR1D1_HUMAN.H10MO.C,0.056,0.015224,0.01112428982,0.000246863124881
HO_CEBPE_HUMAN.H10MO.A,0.105263157895,0.0278684210526,0.0273673962359,0.00468411950583
HO_CPEB1_HUMAN.H10MO.D,0.0667657482565,0.000777409397508,0.00030676592809,0.0
HO_KLF13_HUMAN.H10MO.D,0.200886262925,0.29652437223,0.0173651876025,3.64044142689e-08
HO_SOX10_HUMAN.H10MO.D,0.0936863543788,0.029400712831,0.000914139361913,0.0
HO_HMX3_HUMAN.H10MO.D,0.0413436692506,0.0149586563307,0.00599598970823,1.08029938675e-05
HO_TEAD1_HUMAN.H10MO.D,0.103343465046,0.0625714285714,0.0139004520847,0.00335547534581
HO_DMBX1_HUMAN.H10MO.D,0.0450751252087,0.00175626043406,0.00169372664661,0.0
HO_ZBTB4_HUMAN.H10MO.D,0.111111111111,0.201861111111,0.0670228390684,0.175731256354
HO_SUH_HUMAN.H10MO.C,0.0805223068553,0.100373231774,0.0100612556107,0.0484947968703
HO_SOX18_HUMAN.H10MO.D,0.225616921269,0.0299118683901,0.00579641031599,0.0
HO_MEF2A_HUMAN.H10MO.A,0.118181818182,0.0126060606061,0.00615114195017,0.0
HO_NANOG_HUMAN.H10MO.S,0.0510601471225,0.019318909563,0.00284080965757,0.0
HO_ISL1_HUMAN.H10MO.D,0.0728952772074,0.029344675858,0.00145889911271,0.0
HO_ATOH1_HUMAN.H10MO.D,0.0378378378378,0.0360162162162,0.0132464761636,0.890621800785
HO_FLI1_HUMAN.H10MO.A,0.426395939086,0.172241116751,0.0186906543195,0.0
HO_BPTF_HUMAN.H10MO.D,0.0609516319308,0.0277841132521,0.00316778595099,0.0
HO_NR1I3_HUMAN.H10MO.C,0.0824742268041,0.0548556701031,0.0233908393092,0.237705056014
HO_NFIA_HUMAN.H10MO.S,0.0876124933827,0.0982930121758,0.00331237796065,0.00126225318184
HO_BSH_HUMAN.H10MO.D,0.0392156862745,0.00708823529412,0.00617546677184,1.96696477772e-07
HO_HXC10_HUMAN.H10MO.D,0.0727969348659,0.00107816091954,0.000513413710489,0.0
HO_HOMEZ_HUMAN.H10MO.D,0.0215053763441,0.00475268817204,0.00734524306445,0.0225630426719
HO_ZN148_HUMAN.H10MO.D,0.214780600462,0.445637413395,0.00753894216882,6.25420939484e-206
HO_GCM1_HUMAN.H10MO.D,0.0434782608696,0.0983695652174,0.0417785988665,0.188892722031
HO_ETV4_HUMAN.H10MO.B,0.193241167435,0.0706749615975,0.00439135867846,0.0
HO_ETS2_HUMAN.H10MO.C,0.233082706767,0.139010025063,0.0177405329473,1.14103841931e-07
HO_ELK4_HUMAN.H10MO.A,0.61038961039,0.115987012987,0.0378282039489,0.0
HO_TBX5_HUMAN.H10MO.D,0.108028335301,0.0711186540732,0.00358239348443,0.0
HO_HIC1_HUMAN.H10MO.C,0.138528138528,0.28687012987,0.0298530947722,6.72762498609e-07
HO_HXC6_HUMAN.H10MO.D,0.0568181818182,0.00432954545455,0.00707690013324,1.1990408666e-13
HO_RHXF1_HUMAN.H10MO.D,0.112676056338,0.088,0.0338042722691,0.46540939566
HO_TLX1_HUMAN.H10MO.D,0.201612903226,0.13125,0.0306466202963,0.0216791222513
HO_NFAC3_HUMAN.H10MO.B,0.0611111111111,0.0196918803419,0.00296800206705,0.0
HO_YBOX1_HUMAN.H10MO.D,0.277397260274,0.135801369863,0.0196720520587,6.11732886568e-13
HO_HMX1_HUMAN.H10MO.D,0.0507246376812,0.00242753623188,0.00291908487385,0.0
HO_FUBP1_HUMAN.H10MO.D,0.0889616935484,0.00831527217742,0.00140409345044,0.0
HO_CR3L2_HUMAN.H10MO.D,0.351351351351,0.105891891892,0.0494326910282,6.85140633561e-07
HO_TBX20_HUMAN.H10MO.D,0.0615384615385,0.0554307692308,0.0278940981223,0.826681190766
HO_IRF9_HUMAN.H10MO.C,0.0943396226415,0.0274433962264,0.011444757187,5.06137509682e-09
HO_TYY2_HUMAN.H10MO.D,0.39,0.08421,0.0269216622815,0.0
HO_ATF3_HUMAN.H10MO.A,0.514112903226,0.112381048387,0.0142564586781,0.0
HO_STA5B_HUMAN.H10MO.C,0.0788177339901,0.0222389162562,0.00518860882417,0.0
HO_FOXD3_HUMAN.H10MO.D,0.0682321665928,0.0100509525919,0.00117384137599,0.0
HO_BARH2_HUMAN.H10MO.D,0.0731707317073,0.00862020905923,0.00537910035105,0.0
HO_GABPA_HUMAN.H10MO.A,0.618556701031,0.189910652921,0.0229661023743,0.0
HO_MEIS1_HUMAN.H10MO.C,0.0865384615385,0.0264326923077,0.0162894917257,0.000224386959059
HO_NFKB2_HUMAN.H10MO.D,0.107407407407,0.0713111111111,0.0157246034928,0.0217027792282
HO_HXD13_HUMAN.H10MO.D,0.103235747304,0.0140077041602,0.00461033814569,0.0
HO_BMAL1_HUMAN.H10MO.C,0.257575757576,0.159787878788,0.045781360465,0.0326813850687
HO_ELF2_HUMAN.H10MO.C,0.390625,0.265501736111,0.0185339890439,1.4681367233e-11
HO_E2F1_HUMAN.H10MO.A,0.226804123711,0.131896907216,0.033088710929,0.00412728692052
HO_COT2_HUMAN.H10MO.A,0.0726744186047,0.0804273255814,0.0146651462316,0.597039874229
HO_ALX3_HUMAN.H10MO.D,0.06,0.00363666666667,0.00346525452007,0.0
HO_ZKSC1_HUMAN.H10MO.C,0.0308261405672,0.180062885327,0.0138327737578,3.89532788693e-27
HO_FOSL1_HUMAN.H10MO.A,0.440842787682,0.039546191248,0.0077120924836,0.0
HO_EMX2_HUMAN.H10MO.D,0.0383064516129,0.00421774193548,0.0029614018884,0.0
HO_INSM1_HUMAN.H10MO.C,0.113924050633,0.224582278481,0.0474598068254,0.0197206984354
HO_P5F1B_HUMAN.H10MO.D,0.0465949820789,0.0054229390681,0.00435425752424,0.0
HO_ZIC1_HUMAN.H10MO.B,0.120111731844,0.216606145251,0.0215533113723,7.56953292762e-06
HO_LHX2_HUMAN.H10MO.D,0.0707547169811,0.0121839622642,0.00761337559142,1.44328993201e-14
HO_REL_HUMAN.H10MO.C,0.103151862464,0.117667621777,0.0173393028471,0.402503009521
HO_VENTX_HUMAN.H10MO.D,0.037558685446,0.00880751173709,0.00652332846624,1.04599941084e-05
HO_SP1_HUMAN.H10MO.C,0.406342913776,0.515067789891,0.00735169350876,1.72260421901e-49
HO_CDX2_HUMAN.H10MO.C,0.0807146610615,0.0167093011035,0.00130662037536,0.0
HO_GFI1B_HUMAN.H10MO.C,0.0746268656716,0.0349701492537,0.00999700333804,7.28256264764e-05
HO_MNX1_HUMAN.H10MO.D,0.0455696202532,0.00530632911392,0.00251804447719,0.0
HO_NFAC1_HUMAN.H10MO.A,0.059793814433,0.0121051546392,0.00509672997056,0.0
HO_TFE3_HUMAN.H10MO.C,0.274231678487,0.100340425532,0.0146184311219,0.0
HO_ZEP2_HUMAN.H10MO.D,0.153846153846,0.168561538462,0.0331193207703,0.656815433937
HO_HES1_HUMAN.H10MO.D,0.143396226415,0.277852830189,0.027950227593,1.50498397128e-06
HO_RAX2_HUMAN.H10MO.D,0.0469387755102,0.00338775510204,0.00253948411923,0.0
HO_ZN143_HUMAN.H10MO.A,0.506756756757,0.104706081081,0.016849592647,0.0
HO_ETV1_HUMAN.H10MO.B,0.447368421053,0.361464396285,0.0191624338454,7.36219302055e-06
HO_HXB8_HUMAN.H10MO.C,0.072625698324,0.00940223463687,0.00723352809605,0.0
HO_MAFG_HUMAN.H10MO.C,0.0363636363636,0.0298181818182,0.0230012576013,0.775974041913
HO_MYF6_HUMAN.H10MO.C,0.134725634726,0.163977641278,0.00333706515462,1.85474321955e-18
HO_ASCL2_HUMAN.H10MO.D,0.0997830802603,0.282250542299,0.0150367699217,6.91197571076e-34
HO_GLIS3_HUMAN.H10MO.D,0.0581818181818,0.287498181818,0.027862271893,1.86660834398e-16
HO_BARX2_HUMAN.H10MO.D,0.0334420880914,0.0115946166395,0.00304546062434,7.29638571784e-13
HO_HSF4_HUMAN.H10MO.D,0.0909090909091,0.0228983957219,0.0107969437393,2.99438474016e-10
HO_HXD11_HUMAN.H10MO.D,0.0612557427259,0.00500765696784,0.00272704175415,0.0
HO_TBX4_HUMAN.H10MO.D,0.0757575757576,0.0395303030303,0.0235122957888,0.123370363256
HO_RARB_HUMAN.H10MO.D,0.16924088071,0.157460510461,0.00384380394578,0.00217838353214
HO_SOX3_HUMAN.H10MO.D,0.0501930501931,0.00847104247104,0.0055178108557,3.99680288865e-14
HO_GFI1_HUMAN.H10MO.C,0.063768115942,0.0301449275362,0.00866855681972,0.000104993411592
HO_PRD14_HUMAN.H10MO.C,0.0459183673469,0.0691326530612,0.0181574600904,0.201073708958
HO_HMGA2_HUMAN.H10MO.D,0.0377358490566,0.00596226415094,0.0104737206954,0.00241615930345
HO_MESP1_HUMAN.H10MO.D,0.0921630094044,0.171502194357,0.00947899112184,5.76167243205e-17
HO_PAX2_HUMAN.H10MO.D,0.0851063829787,0.0526808510638,0.0327232659157,0.321733700233
HO_TBX1_HUMAN.H10MO.D,0.204291044776,0.40113619403,0.0151174003173,9.28265706759e-39
HO_COT1_HUMAN.H10MO.B,0.0744101633394,0.0516896551724,0.00947250881027,0.0164590750229
HO_RORG_HUMAN.H10MO.C,0.0222222222222,0.0415777777778,0.0214344709104,0.366520241508
HO_ZN524_HUMAN.H10MO.D,0.146341463415,0.195682926829,0.0605569579132,0.415190070999
HO_OTX2_HUMAN.H10MO.C,0.0949227373068,0.0196600441501,0.00660600000726,0.0
HO_PITX1_HUMAN.H10MO.D,0.166666666667,0.0474901960784,0.0120077366946,0.0
HO_PLAG1_HUMAN.H10MO.D,0.140461215933,0.347203354298,0.0221640534524,1.0807823548e-20
HO_PAX5_HUMAN.H10MO.S,0.141555615991,0.199497280392,0.0027655234468,1.82089911104e-97
HO_VSX2_HUMAN.H10MO.D,0.0359281437126,0.0123173652695,0.00865212686947,0.00635462060885
HO_CEBPZ_HUMAN.H10MO.D,0.397959183673,0.0707346938776,0.0132721763999,0.0
HO_PITX2_HUMAN.H10MO.D,0.0750670241287,0.0239222520107,0.00799227636776,1.56116675143e-10
HO_ZN652_HUMAN.H10MO.D,0.048951048951,0.0244755244755,0.0130901918398,0.06151707499
HO_BHA15_HUMAN.H10MO.D,0.0428571428571,0.0372357142857,0.0160414498174,0.726014924787
HO_GSC2_HUMAN.H10MO.D,0.133333333333,0.123444444444,0.0475834549522,0.83536795225
HO_FOXD2_HUMAN.H10MO.D,0.0383944153578,0.00139441535777,0.00152802163094,0.0
HO_MAZ_HUMAN.H10MO.A,0.335077197907,0.631338649994,0.00528927053822,0.0
HO_PPARD_HUMAN.H10MO.D,0.0618556701031,0.0724948453608,0.0267425462393,0.690750317032
HO_VSX1_HUMAN.H10MO.D,0.0685920577617,0.003,0.00329774847295,0.0
HO_ZSC16_HUMAN.H10MO.D,0.0294117647059,0.0292352941176,0.0294700011683,0.995222181516
HO_KLF8_HUMAN.H10MO.C,0.100286532951,0.198381088825,0.0148829735697,4.36700487272e-11
HO_LHX3_HUMAN.H10MO.C,0.0423162583519,0.00204454342984,0.00149199878908,0.0
HO_IRF2_HUMAN.H10MO.C,0.128472222222,0.0296666666667,0.0102003370042,0.0
HO_SOX9_HUMAN.H10MO.B,0.0738007380074,0.0297453874539,0.0102376274967,1.68289959899e-05
HO_HXA11_HUMAN.H10MO.D,0.0316686967113,0.00282825822168,0.00186653058831,0.0
HO_ZFX_HUMAN.H10MO.C,0.302538071066,0.489039593909,0.0156997250515,1.51657336996e-32
HO_MEOX1_HUMAN.H10MO.D,0.0181818181818,0.00574545454545,0.00754367996657,0.0992336078463
HO_ETV7_HUMAN.H10MO.D,0.254901960784,0.0805294117647,0.0288778399893,1.55763424381e-09
HO_USF2_HUMAN.H10MO.A,0.579710144928,0.255241545894,0.030699627882,0.0
HO_ZBTB6_HUMAN.H10MO.D,0.114035087719,0.124298245614,0.031224989992,0.742394469653
HO_PPARA_HUMAN.H10MO.C,0.10119047619,0.0908988095238,0.0216519106935,0.634556257099
HO_SPIB_HUMAN.H10MO.B,0.109133126935,0.0392972136223,0.00545212665777,0.0
HO_FOXA3_HUMAN.H10MO.C,0.0780413159908,0.0128431522571,0.0021229869565,0.0
HO_ENOA_HUMAN.H10MO.A,0.173333333333,0.1819,0.0308788133048,0.781451005579
HO_HES5_HUMAN.H10MO.D,0.105263157895,0.208135734072,0.0215244959629,1.75884096514e-06
HO_SCRT2_HUMAN.H10MO.D,0.0315789473684,0.0791578947368,0.0279088345706,0.0882319575353
HO_FOXO6_HUMAN.H10MO.D,0.0609137055838,0.0138375634518,0.00828659641694,1.33910622591e-08
HO_MNT_HUMAN.H10MO.D,0.136632598171,0.232667832168,0.0068526355058,1.2735857336e-44
HO_ZN740_HUMAN.H10MO.D,0.141428571429,0.349114285714,0.0181426096721,2.42303763812e-30
HO_HMBX1_HUMAN.H10MO.D,0.0589970501475,0.029395280236,0.00921930377896,0.00132344575927
HO_HXB13_HUMAN.H10MO.D,0.0949771689498,0.0167406392694,0.00372614367712,0.0
HO_EPAS1_HUMAN.H10MO.D,0.113138686131,0.182892335766,0.0169514031454,3.87315524063e-05
HO_SMAD1_HUMAN.H10MO.D,0.116197183099,0.158492957746,0.0211214359487,0.0452304786883
HO_TBX3_HUMAN.H10MO.D,0.046511627907,0.0208139534884,0.0227619063513,0.258907431173
HO_HIC2_HUMAN.H10MO.D,0.107869142352,0.193302387268,0.0116965258435,2.7901331657e-13
HO_ARNT_HUMAN.H10MO.B,0.149316508938,0.164803364879,0.0117124001442,0.186081083772
HO_RARA_HUMAN.H10MO.S,0.125897154437,0.0979820146922,0.00193664402991,0.0
HO_BHE40_HUMAN.H10MO.A,0.274074074074,0.131274074074,0.0295542708344,1.35311636162e-06
HO_TFE2_HUMAN.H10MO.C,0.0839694656489,0.0735114503817,0.0163019552188,0.521185490386
HO_FOXI1_HUMAN.H10MO.B,0.36380952381,0.0427866666667,0.00904483786828,0.0
HO_TF7L2_HUMAN.H10MO.A,0.0712074303406,0.0274829721362,0.00886869705974,8.21450971022e-07
HO_NOTO_HUMAN.H10MO.D,0.026455026455,0.0112063492063,0.00746027243035,0.0409551309206
HO_NKX28_HUMAN.H10MO.C,0.078167115903,0.054218328841,0.0121305105792,0.0483521375348
HO_FEV_HUMAN.H10MO.C,0.160151324086,0.0356979823455,0.00453912314769,0.0
HO_PAX1_HUMAN.H10MO.D,0.222222222222,0.0898888888889,0.0945763131674,0.161746182718
HO_ZBT7A_HUMAN.H10MO.D,0.0850340136054,0.269200680272,0.0253011787926,3.36364154325e-13
HO_BARH1_HUMAN.H10MO.D,0.0384615384615,0.0111758241758,0.00809548588287,0.000750359725025
HO_NR2F6_HUMAN.H10MO.D,0.101063829787,0.0450691489362,0.0152310474516,0.000236593675702
HO_RXRB_HUMAN.H10MO.C,0.0933940774487,0.0855330296128,0.014026712465,0.57518338456
HO_FOXK1_HUMAN.H10MO.D,0.111111111111,0.0960666666667,0.0452737680569,0.739663218206
HO_KLF4_HUMAN.H10MO.A,0.430664985818,0.334631736527,0.00578996491148,0.0
HO_TGIF2_HUMAN.H10MO.D,0.0479704797048,0.0494280442804,0.013226080102,0.912247731321
HO_VDR_HUMAN.H10MO.S,0.12186365137,0.106682424067,0.00143571827942,0.0
HO_HEY1_HUMAN.H10MO.D,0.116094986807,0.213073878628,0.0221640556239,1.21152777082e-05
HO_MYBB_HUMAN.H10MO.D,0.100917431193,0.0586376146789,0.016188118889,0.0090072010891
HO_PRRX1_HUMAN.H10MO.D,0.0772108191061,0.0423691732208,0.00199750080683,0.0
HO_RFX3_HUMAN.H10MO.B,0.177777777778,0.0648703703704,0.0152220757855,1.1945999745e-13
HO_NFAC4_HUMAN.H10MO.C,0.0716112531969,0.0135780051151,0.00589319527848,0.0
HO_CTCF_HUMAN.H10MO.A,0.654220779221,0.317831168831,0.0191304685547,0.0
HO_NR2E1_HUMAN.H10MO.D,0.0,0.0101333333333,0.0131902320761,0.442341486213
HO_MYCN_HUMAN.H10MO.B,0.170257123002,0.198171646977,0.0105560866265,0.00818356890907
HO_DUXA_HUMAN.H10MO.D,0.0297397769517,0.00891449814126,0.0058111545091,0.000338795899442
HO_FOXP2_HUMAN.H10MO.A,0.0711889675736,0.0205609392471,0.00275240354359,0.0
HO_PROP1_HUMAN.H10MO.D,0.0199004975124,0.00429850746269,0.00325102204362,1.59377719799e-06
HO_FOXO4_HUMAN.H10MO.C,0.0540298507463,0.0102005970149,0.0017433044366,0.0
HO_CXXC1_HUMAN.H10MO.D,0.146785714286,0.132340357143,0.00641088033012,0.0242429870171
HO_P73_HUMAN.H10MO.S,0.138364779874,0.222996855346,0.024466829719,0.000542077013894
HO_RFX2_HUMAN.H10MO.C,0.371212121212,0.31165530303,0.0278938815264,0.0327511102422
HO_ALX4_HUMAN.H10MO.D,0.0555555555556,0.00289285714286,0.00336146247297,0.0
HO_ZN423_HUMAN.H10MO.D,0.0,0.1285,0.218489702275,0.556446108838
HO_ZN232_HUMAN.H10MO.D,0.0666666666667,0.00733333333333,0.0223009715782,0.00780081218672
HO_HMX2_HUMAN.H10MO.D,0.0478873239437,0.00865352112676,0.00472771062654,0.0
HO_NFAT5_HUMAN.H10MO.D,0.125714285714,0.0471657142857,0.0157816571386,6.45083863438e-07
HO_MLXPL_HUMAN.H10MO.D,0.27027027027,0.243648648649,0.0691320234703,0.700175337262
HO_ZN282_HUMAN.H10MO.D,0.122222222222,0.0501722222222,0.0161264668201,7.90242100579e-06
HO_ARI3A_HUMAN.H10MO.D,0.0584572812176,0.000575579384296,0.00044715042483,0.0
HO_SRY_HUMAN.H10MO.B,0.054714253101,0.00703896202724,0.000744708526231,0.0
HO_NR1I3_HUMAN.H10MO.S,0.0676031606673,0.0328444249342,0.00240167193482,0.0
HO_NR6A1_HUMAN.H10MO.B,0.0744680851064,0.0312021276596,0.0172934064267,0.0123537206069
HO_HXC13_HUMAN.H10MO.D,0.1,0.0167,0.0232378761699,0.000337511214825
HO_PO3F2_HUMAN.H10MO.D,0.0418088737201,0.00682081911263,0.00243644595959,0.0
HO_CRX_HUMAN.H10MO.C,0.0761710794297,0.0554985743381,0.0047736283556,1.48727628948e-05
HO_ESR2_HUMAN.H10MO.S,0.0932682033277,0.0976805067929,0.00372576680439,0.236307303712
HO_PO4F1_HUMAN.H10MO.D,0.0441176470588,0.00258823529412,0.00313769911071,0.0
HO_GBX1_HUMAN.H10MO.D,0.0397686189443,0.00248662328272,0.00135703077454,0.0
HO_SCRT1_HUMAN.H10MO.D,0.037037037037,0.0741851851852,0.0284243515066,0.191242336371
HO_CEBPG_HUMAN.H10MO.C,0.0909090909091,0.0218863636364,0.0071923656193,0.0
HO_NFAC1_HUMAN.H10MO.S,0.0883280757098,0.0236246056782,0.00847746180271,2.30926389122e-14
HO_CREM_HUMAN.H10MO.C,0.423529411765,0.0943176470588,0.0326175510527,0.0
HO_BCL6B_HUMAN.H10MO.D,0.0485436893204,0.0720922330097,0.0179209724791,0.188838958746
HO_HMGA1_HUMAN.H10MO.D,0.09761087163,0.0150829984657,0.000760607026913,0.0
HO_PRDM1_HUMAN.H10MO.C,0.125,0.0213484848485,0.0088392438254,0.0
HO_PLAL1_HUMAN.H10MO.D,0.194029850746,0.414820895522,0.0601737867083,0.000243288749827
HO_HNF4G_HUMAN.H10MO.C,0.0777202072539,0.0766943005181,0.0195734233725,0.958199416527
HO_HXA10_HUMAN.H10MO.C,0.0630434782609,0.00986086956522,0.00448832975279,0.0
HO_ATF6A_HUMAN.H10MO.B,0.174311926606,0.184688073394,0.0366924756072,0.777340293887
HO_GSX1_HUMAN.H10MO.D,0.0573065902579,0.00251862464183,0.00260785758329,0.0
HO_HXA7_HUMAN.H10MO.D,0.09375,0.023703125,0.0198978777036,0.000431028221787
HO_FOXG1_HUMAN.H10MO.D,0.0650955597069,0.00248067251042,0.000565666681688,0.0
HO_HINFP_HUMAN.H10MO.C,0.428571428571,0.138428571429,0.129207869224,0.0247327834563
HO_SRBP2_HUMAN.H10MO.B,0.120243531202,0.223184170472,0.0163400136291,2.97815696194e-10
HO_PO2F1_HUMAN.H10MO.B,0.0653950953678,0.0138701180745,0.00342833232102,0.0
HO_FOXM1_HUMAN.H10MO.D,0.0850734725445,0.0100460170147,0.00186733541549,0.0
HO_IRF4_HUMAN.H10MO.C,0.090458488228,0.0640458488228,0.00862579708114,0.00219825243659
HO_RARA_HUMAN.H10MO.C,0.112676056338,0.107985915493,0.0378716418668,0.901439519941
HO_NRF1_HUMAN.H10MO.A,0.700581395349,0.408934593023,0.0189549925726,0.0
HO_BC11A_HUMAN.H10MO.C,0.0977222630419,0.0325444526084,0.00497071443706,0.0
HO_NFIC_HUMAN.H10MO.A,0.173611111111,0.15571875,0.0213544746477,0.402101419384
HO_NANOG_HUMAN.H10MO.A,0.0603773584906,0.00838867924528,0.00561652320023,0.0
HO_EGR3_HUMAN.H10MO.D,0.0890410958904,0.138068493151,0.0276487057361,0.0761913050481
HO_ETV3_HUMAN.H10MO.D,0.0625,0.0341796875,0.016591908958,0.0878453119971
HO_P53_HUMAN.H10MO.B,0.314516129032,0.0961935483871,0.0265502880204,2.22044604925e-16
HO_COT1_HUMAN.H10MO.S,0.0858585858586,0.078904040404,0.0188478399914,0.712139885544
HO_NRL_HUMAN.H10MO.D,0.220930232558,0.0929069767442,0.0308564866611,3.33945339224e-05
HO_MAFK_HUMAN.H10MO.S,0.304498269896,0.0845743944637,0.0167792014207,0.0
HO_IRX2_HUMAN.H10MO.D,0.0852713178295,0.115550387597,0.0275833561404,0.272322528799
HO_ERR3_HUMAN.H10MO.B,0.0430107526882,0.051380952381,0.00895446490636,0.349916368508
HO_NFIL3_HUMAN.H10MO.C,0.0684931506849,0.0158904109589,0.0104675821396,5.02646360312e-07
HO_PRDM4_HUMAN.H10MO.D,0.0952380952381,0.104142857143,0.065361908925,0.891633302981
HO_CREB5_HUMAN.H10MO.D,0.36231884058,0.0369420289855,0.0217950922216,0.0
HO_ALX1_HUMAN.H10MO.B,0.0609318996416,0.00548028673835,0.00452686753106,0.0
HO_NKX22_HUMAN.H10MO.D,0.047311827957,0.0148709677419,0.00552473704257,4.30754854008e-09
HO_SOX11_HUMAN.H10MO.D,0.0384615384615,0.0125384615385,0.0150798662747,0.0856048719158
HO_KLF3_HUMAN.H10MO.D,0.150289017341,0.16863583815,0.0292109035916,0.529950716042
HO_NF2L1_HUMAN.H10MO.C,0.100641025641,0.0424873931624,0.00171520186295,0.0
HO_ERR2_HUMAN.H10MO.A,0.0430107526882,0.0694193548387,0.0104855038312,0.011782841389
HO_NKX61_HUMAN.H10MO.D,0.0446841294299,0.00162711864407,0.00153067840963,0.0
HO_TFEB_HUMAN.H10MO.C,0.375700934579,0.12285046729,0.0142754523741,0.0
HO_E2F3_HUMAN.H10MO.B,0.173913043478,0.172869565217,0.0794049704891,0.989515124478
HO_NR2E3_HUMAN.H10MO.C,0.0684210526316,0.0157105263158,0.00927387985934,1.31763582267e-08
HO_AP2A_HUMAN.H10MO.C,0.0912052117264,0.179394136808,0.0212118214229,3.21697670838e-05
HO_PAX6_HUMAN.H10MO.D,0.0434782608696,0.0417391304348,0.040094406551,0.965401899253
HO_NR2C1_HUMAN.H10MO.C,0.0967741935484,0.133013824885,0.0229099953834,0.113689248198
HO_ONEC3_HUMAN.H10MO.D,0.075,0.00594615384615,0.00331614305085,0.0
HO_P63_HUMAN.H10MO.S,0.10119047619,0.116342261905,0.0176412341708,0.390404144015
HO_FOXJ2_HUMAN.H10MO.C,0.0421568627451,0.00545882352941,0.00160628092447,0.0
HO_SRBP1_HUMAN.H10MO.B,0.111742424242,0.176145833333,0.0163368027347,8.0728015424e-05
HO_STAT1_HUMAN.H10MO.S,0.142259414226,0.0574309623431,0.0147307219874,8.48104519946e-09
HO_SP2_HUMAN.H10MO.C,0.407136929461,0.610755352697,0.00613361753528,1.18475488701e-241
HO_E2F6_HUMAN.H10MO.C,0.205394190871,0.291968879668,0.020699277217,2.88323356598e-05
HO_HXD10_HUMAN.H10MO.D,0.0367346938776,0.0128326530612,0.00703328671621,0.000677770367823
HO_SRF_HUMAN.H10MO.A,0.104438642298,0.0390939947781,0.00960192165991,1.00788266622e-11
HO_DLX6_HUMAN.H10MO.D,0.0446672743847,0.00178030993619,0.00129006379751,0.0
HO_ZSCA4_HUMAN.H10MO.D,0.126984126984,0.0897142857143,0.0253267684536,0.141139927156
HO_MEIS3_HUMAN.H10MO.D,0.0490797546012,0.055263803681,0.0179660730531,0.730690577657
HO_MEIS2_HUMAN.H10MO.B,0.0548780487805,0.0529085365854,0.0171043606656,0.908328774877
HO_HXC8_HUMAN.H10MO.D,0.0487804878049,0.0201036585366,0.0108851130267,0.00842613266224
HO_ZN784_HUMAN.H10MO.D,0.051724137931,0.109025862069,0.0301063204677,0.0569998324537
HO_PURA_HUMAN.H10MO.D,0.20491345617,0.359673366834,0.011490976843,2.41475115177e-41
HO_PRRX2_HUMAN.H10MO.C,0.0518809322666,0.0112594543557,0.000737566593126,0.0
HO_BRAC_HUMAN.H10MO.D,0.0,0.0,0.0,
HO_MBD2_HUMAN.H10MO.B,0.297619047619,0.393619047619,0.029929984645,0.00133900682307
HO_CUX1_HUMAN.H10MO.C,0.0,0.08184375,0.0477812295618,0.0867337037524
HO_MYC_HUMAN.H10MO.A,0.139240506329,0.195962025316,0.0441654966141,0.199038814942
HO_PAX2_HUMAN.H10MO.S,0.143535506152,0.132549751781,0.00504197289393,0.0293420507358
HO_BATF3_HUMAN.H10MO.D,0.030612244898,0.0179897959184,0.0134090756997,0.346532573757
HO_SPZ1_HUMAN.H10MO.D,0.194029850746,0.217313432836,0.0496241161846,0.638927452063
HO_BATF_HUMAN.H10MO.S,0.352220520674,0.0342281776417,0.00696098799721,0.0
HO_RFX5_HUMAN.H10MO.A,0.210526315789,0.173663157895,0.0401989457008,0.35913319352
HO_SOX5_HUMAN.H10MO.C,0.053729052066,0.0102344889344,0.0012050563147,0.0
HO_PHX2A_HUMAN.H10MO.D,0.06,0.00468333333333,0.00395105471151,0.0
HO_MAFA_HUMAN.H10MO.D,0.110236220472,0.157255905512,0.0235457267737,0.0458304027699
HO_EVI1_HUMAN.H10MO.B,0.0416666666667,0.00728333333333,0.00755592115129,5.35147450043e-06
HO_OLIG1_HUMAN.H10MO.D,0.04,0.00848,0.0104435328207,0.00254334927927
HO_GBX2_HUMAN.H10MO.D,0.0270935960591,0.00303694581281,0.00266955875733,0.0
HO_PO4F3_HUMAN.H10MO.D,0.0490797546012,0.00174846625767,0.00332521562887,0.0
HO_LBX2_HUMAN.H10MO.D,0.0408163265306,0.0223591836735,0.00939796782556,0.0495358419045
HO_STAT4_HUMAN.H10MO.D,0.135265700483,0.0444927536232,0.0102626025448,0.0
HO_FOXF1_HUMAN.H10MO.D,0.0381543921917,0.0053602484472,0.00216426139143,0.0
HO_HXB6_HUMAN.H10MO.D,0.046511627907,0.0132325581395,0.00981516274069,0.000697455362929
HO_E2F5_HUMAN.H10MO.B,0.241379310345,0.146655172414,0.0463852835533,0.0411400085592
HO_HSF2_HUMAN.H10MO.A,0.0613496932515,0.0250920245399,0.012358423278,0.00334793938022
HO_ZN410_HUMAN.H10MO.D,0.25,0.0191666666667,0.0382880166922,1.65113811512e-09
HO_PITX3_HUMAN.H10MO.D,0.0689655172414,0.0181379310345,0.0119985135821,2.27377914266e-05
HO_SOX21_HUMAN.H10MO.D,0.0826446280992,0.0124545454545,0.0100267758459,2.55484522427e-12
HO_NFAC2_HUMAN.H10MO.B,0.0706566916043,0.0179168744805,0.00374056377479,0.0
HO_SMAD3_HUMAN.H10MO.C,0.089588377724,0.139639225182,0.0170014342392,0.0032408467278
HO_ESX1_HUMAN.H10MO.D,0.0353773584906,0.0032570754717,0.00273202298338,0.0
HO_SNAI2_HUMAN.H10MO.C,0.1158166612,0.133396605444,0.00221705346563,2.20174814384e-15
HO_HEN1_HUMAN.H10MO.C,0.21686746988,0.304457831325,0.0507958151352,0.0846425554479
HO_BATF_HUMAN.H10MO.A,0.245033112583,0.0159139072848,0.00993507938454,0.0
HO_NFYC_HUMAN.H10MO.B,0.497005988024,0.107838323353,0.0164053486886,0.0
HO_PBX2_HUMAN.H10MO.C,0.0576131687243,0.0126625514403,0.00714329209525,3.11984438284e-10
HO_GATA1_HUMAN.H10MO.A,0.335511982571,0.0573355119826,0.0109025039093,0.0
HO_NR4A3_HUMAN.H10MO.D,0.0883392226148,0.0645477031802,0.0149548513723,0.111634394639
HO_FOXL1_HUMAN.H10MO.D,0.0645161290323,0.000798788094814,0.000362787760154,0.0
HO_CTCFL_HUMAN.H10MO.A,0.657142857143,0.303868253968,0.0179572875139,0.0
HO_TBR1_HUMAN.H10MO.D,0.0666666666667,0.0275333333333,0.016560834356,0.0181274281426
HO_SMAD2_HUMAN.H10MO.C,0.0441988950276,0.080270718232,0.0203305601216,0.0760191485167
HO_CEBPB_HUMAN.H10MO.A,0.0425531914894,0.0306170212766,0.0142912834503,0.403601553694
HO_ISX_HUMAN.H10MO.D,0.0443974630021,0.00233086680761,0.00151755774483,0.0
HO_HXB7_HUMAN.H10MO.C,0.047619047619,0.0103428571429,0.0101356066193,0.000235303757409
HO_OLIG2_HUMAN.H10MO.D,0.0470588235294,0.0269764705882,0.0171907716452,0.242723906987
HO_RUNX1_HUMAN.H10MO.A,0.0929264909847,0.0481692094313,0.00801024609278,2.3035654273e-08
HO_GCM2_HUMAN.H10MO.D,0.0833333333333,0.117083333333,0.0932803048761,0.717491992707
HO_JDP2_HUMAN.H10MO.D,0.553571428571,0.0603392857143,0.0318005533179,0.0
HO_ZIC3_HUMAN.H10MO.C,0.0436507936508,0.200325396825,0.0182104277133,7.72772836363e-18
HO_SP1_HUMAN.H10MO.S,0.409582689335,0.435544049459,0.0098364456083,0.00830766986225
HO_GATA5_HUMAN.H10MO.D,0.0424836601307,0.00788562091503,0.00508212595145,9.91096094083e-12
HO_NR1H2_HUMAN.H10MO.D,0.333333333333,0.0196666666667,0.0813217204824,0.000114736429445
HO_ZN589_HUMAN.H10MO.D,0.189473684211,0.165473684211,0.0385608128557,0.533683141124
HO_E2F8_HUMAN.H10MO.D,0.131944444444,0.0586180555556,0.0194797781643,0.000167062258561
HO_EOMES_HUMAN.H10MO.D,0.0620689655172,0.049224137931,0.0128150545944,0.316187481243
HO_ZN219_HUMAN.H10MO.D,0.178,0.347789,0.0151345458802,3.30316373859e-29
HO_MAFK_HUMAN.H10MO.A,0.0454545454545,0.0168409090909,0.0136253554052,0.0357263232246
HO_MYB_HUMAN.H10MO.C,0.0984716579609,0.0983172760689,0.00417092799453,0.97047400296
HO_PROX1_HUMAN.H10MO.D,0.170297029703,0.289471287129,0.0197364769078,1.55771298856e-09
HO_FOXC2_HUMAN.H10MO.D,0.327176781003,0.0222295514512,0.00743875001898,0.0
HO_THB_HUMAN.H10MO.C,0.14241676942,0.130044389642,0.0081571670694,0.12932991969
HO_P63_HUMAN.H10MO.A,0.275641025641,0.109230769231,0.0249723713209,2.66882071998e-11
HO_SOX13_HUMAN.H10MO.D,0.0937320299022,0.0388174238068,0.00228308146872,0.0
HO_THA_HUMAN.H10MO.C,0.129756306114,0.099188542112,0.00448174229924,9.07185437882e-12
HO_PO3F1_HUMAN.H10MO.C,0.0748299319728,0.0131802721088,0.00639905671094,0.0
HO_REST_HUMAN.H10MO.A,0.0862068965517,0.210931034483,0.0528589422563,0.0182963492901
HO_PAX5_HUMAN.H10MO.A,0.117867867868,0.270922672673,0.0123116677256,1.75881998344e-35
HO_SMRC1_HUMAN.H10MO.D,0.291358024691,0.103079012346,0.0149868592544,0.0
HO_MAFG_HUMAN.H10MO.S,0.116803636999,0.055152299353,0.0029259011607,0.0
HO_PHX2B_HUMAN.H10MO.D,0.06,0.00363,0.00340110929616,0.0
HO_MYOD1_HUMAN.H10MO.C,0.123019571295,0.135904939422,0.0101963145405,0.20632767351
HO_CR3L1_HUMAN.H10MO.D,0.240740740741,0.156777777778,0.0464620883256,0.070742249301
HO_RFX1_HUMAN.H10MO.C,0.164556962025,0.103702531646,0.0245066486732,0.0130215113294
HO_SMAD4_HUMAN.H10MO.C,0.0497512437811,0.0898358208955,0.0200515109779,0.0455996849622
HO_ZN350_HUMAN.H10MO.C,0.19298245614,0.242578947368,0.0559785799732,0.375622635202
HO_FOXD1_HUMAN.H10MO.D,0.151020408163,0.0112204081633,0.00667942566371,0.0
HO_CUX2_HUMAN.H10MO.D,0.0151515151515,0.00419696969697,0.00796386178824,0.168966621714
HO_PDX1_HUMAN.H10MO.C,0.0381282495667,0.0198405545927,0.00574786595609,0.00146438910812
HO_GRHL1_HUMAN.H10MO.D,0.222222222222,0.0556666666667,0.0760116137975,0.0284383623542
HO_NKX23_HUMAN.H10MO.D,0.0639269406393,0.0400547945205,0.0135701862615,0.0785501202667
HO_HXA5_HUMAN.H10MO.D,0.047619047619,0.0101238095238,0.00992045917305,0.000157088727025
HO_NR1H4_HUMAN.H10MO.C,0.109090909091,0.0909454545455,0.0387063366371,0.639214004866
HO_DLX4_HUMAN.H10MO.D,0.0404721753794,0.00240472175379,0.00193049106543,0.0
HO_ELF1_HUMAN.H10MO.A,0.490118577075,0.163976284585,0.0234136946405,0.0
HO_ARI3A_HUMAN.H10MO.S,0.0540603572928,0.00761779933766,0.000591026869592,0.0
HO_HXA1_HUMAN.H10MO.C,0.127272727273,0.0482909090909,0.0203779495153,0.000106254358345
HO_PKNX2_HUMAN.H10MO.D,0.0711743772242,0.14387544484,0.020873929023,0.000496079272621
HO_NFKB1_HUMAN.H10MO.B,0.201438848921,0.185352517986,0.0320384712588,0.615601252416
HO_DLX5_HUMAN.H10MO.D,0.0367985280589,0.00260533578657,0.00159495620363,0.0
HO_HSFY1_HUMAN.H10MO.D,0.0,0.0189333333333,0.0356117333972,0.594961517062
HO_GCR_HUMAN.H10MO.S,0.0828799419659,0.0547694051505,0.00215625420467,0.0
HO_RXRA_HUMAN.H10MO.C,0.0852272727273,0.0496363636364,0.016483447119,0.0308353594266
HO_KLF14_HUMAN.H10MO.D,0.331269349845,0.306318885449,0.0262610100037,0.342063788232
HO_E2F4_HUMAN.H10MO.A,0.219178082192,0.104369863014,0.0336714418666,0.000650435532045
HO_STAT1_HUMAN.H10MO.A,0.0551181102362,0.0378031496063,0.0172536179793,0.315592985261
HO_UNC4_HUMAN.H10MO.D,0.0538461538462,0.00241538461538,0.00297826445629,0.0
HO_ELK3_HUMAN.H10MO.D,0.288343558282,0.131930470348,0.0156256227497,0.0
HO_ZKSC3_HUMAN.H10MO.D,0.0689655172414,0.0878965517241,0.0519031270895,0.715307109127
HO_LHX9_HUMAN.H10MO.D,0.0392541707556,0.00178017664377,0.00128830699336,0.0
HO_OTX1_HUMAN.H10MO.D,0.0801431127013,0.0388357781753,0.00256375989168,0.0
HO_SHOX2_HUMAN.H10MO.D,0.0412272291467,0.00227708533078,0.00151727873616,0.0
HO_RORA_HUMAN.H10MO.B,0.0208333333333,0.0232222222222,0.0128343854788,0.852341305996
HO_MEF2B_HUMAN.H10MO.D,0.0714285714286,0.00609523809524,0.00845033509781,1.06581410364e-14
HO_EGR1_HUMAN.H10MO.S,0.361549497848,0.398380200861,0.0189045152527,0.0513851758191
HO_NFYA_HUMAN.H10MO.A,0.47308319739,0.0955970636215,0.0117057736944,0.0
HO_VAX2_HUMAN.H10MO.D,0.0421052631579,0.0127789473684,0.011454856595,0.0104622664825
HO_PPARG_HUMAN.H10MO.S,0.0740489130435,0.0382370923913,0.00511597967183,2.55973020558e-12
HO_PO5F1_HUMAN.H10MO.A,0.0794392523364,0.00988317757009,0.00664106487583,0.0
HO_HXC12_HUMAN.H10MO.D,0.078313253012,0.0113704819277,0.00584086938644,0.0
HO_NKX62_HUMAN.H10MO.D,0.0728476821192,0.00985761589404,0.00569735738264,0.0
HO_PBX1_HUMAN.H10MO.B,0.0421052631579,0.0109736842105,0.00773840836277,5.74626917049e-05
HO_BCL6_HUMAN.H10MO.C,0.0888157894737,0.0161085526316,0.0071846134153,0.0
HO_JUND_HUMAN.H10MO.A,0.460122699387,0.050782208589,0.0118561258385,0.0
HO_NR5A2_HUMAN.H10MO.C,0.0697424892704,0.0861555793991,0.00898836790335,0.0678447261319
HO_PO2F3_HUMAN.H10MO.D,0.0646551724138,0.0109956896552,0.00686062706866,5.3290705182e-15
HO_MZF1_HUMAN.H10MO.D,0.0993208828523,0.169193123939,0.00780783818138,3.5875994439e-19
HO_SP4_HUMAN.H10MO.D,0.423228010248,0.638223569599,0.00619340957017,4.91163195351e-264
HO_MSX2_HUMAN.H10MO.D,0.0505565240713,0.015026686335,0.00143805499298,0.0
HO_ERG_HUMAN.H10MO.B,0.495495495495,0.0875675675676,0.0257909534797,0.0
HO_MITF_HUMAN.H10MO.C,0.256465517241,0.0584051724138,0.0109934920214,0.0
HO_NR4A1_HUMAN.H10MO.C,0.0882352941176,0.0631355498721,0.00858165993266,0.00344664082102
HO_FOS_HUMAN.H10MO.A,0.417808219178,0.0546461187215,0.0105178500374,0.0
HO_RELB_HUMAN.H10MO.C,0.138528138528,0.136285714286,0.0217889913299,0.91803006111
HO_FOXH1_HUMAN.H10MO.A,0.0666666666667,0.0521787878788,0.0120509474802,0.229278665415
HO_NKX21_HUMAN.H10MO.D,0.069387755102,0.104808163265,0.0189680965847,0.0618502772703
HO_HXB1_HUMAN.H10MO.D,0.0827067669173,0.0541654135338,0.0197393610995,0.148202250975
HO_ARI5B_HUMAN.H10MO.C,0.0456621004566,0.0297397260274,0.0118332969921,0.178445459029
HO_JUNB_HUMAN.H10MO.C,0.416666666667,0.0725266666667,0.0153447189613,0.0
HO_TFDP1_HUMAN.H10MO.S,0.121212121212,0.0844242424242,0.0488076752609,0.451010506213
HO_CEBPA_HUMAN.H10MO.A,0.0553745928339,0.0191758957655,0.00783807779409,3.86872280256e-06
HO_GATA2_HUMAN.H10MO.A,0.0727272727273,0.042195959596,0.00908062965409,0.000773111414365
HO_SP3_HUMAN.H10MO.B,0.395860099929,0.554839543183,0.00597959696703,9.60052358068e-156
HO_TFAP4_HUMAN.H10MO.C,0.161643835616,0.209153424658,0.0212629427431,0.0254577866871
HO_TBX21_HUMAN.H10MO.D,0.0776699029126,0.034213592233,0.0177736843456,0.0144859995623
HO_STA5A_HUMAN.H10MO.B,0.068093385214,0.0246964980545,0.00675138316069,1.29420252293e-10
HO_HEY2_HUMAN.H10MO.D,0.14156626506,0.30393373494,0.0249555352872,7.70393112683e-11
HO_PRGR_HUMAN.H10MO.S,0.0784227713603,0.0554137057075,0.00161156447855,0.0
HO_DBP_HUMAN.H10MO.B,0.0605187319885,0.0170201729107,0.00696021441531,4.11503942033e-10
HO_MYBA_HUMAN.H10MO.D,0.0555555555556,0.0285555555556,0.0393545140712,0.49266819012
HO_LMX1A_HUMAN.H10MO.D,0.0426470588235,0.000691911764706,0.000685647078379,0.0
HO_PLAG1_HUMAN.H10MO.S,0.0451127819549,0.222556390977,0.0348843011485,3.64477715133e-07
HO_IRF1_HUMAN.H10MO.A,0.0823798627002,0.018995423341,0.00656252013382,0.0
HO_RX_HUMAN.H10MO.D,0.0452567449956,0.00748999129678,0.00254467096977,0.0
HO_AP2C_HUMAN.H10MO.A,0.0993520518359,0.251492440605,0.0205372788747,1.28207627178e-13
HO_NR2C2_HUMAN.H10MO.A,0.121693121693,0.0952063492063,0.0213654200413,0.215085316214
HO_MEF2D_HUMAN.H10MO.C,0.075,0.01156,0.00748774999583,0.0
HO_NDF1_HUMAN.H10MO.C,0.157142857143,0.225314285714,0.0303375357783,0.0246337381874
HO_EHF_HUMAN.H10MO.C,0.123053551082,0.0574887960501,0.0046136965522,0.0
HO_NDF2_HUMAN.H10MO.D,0.0526315789474,0.0782105263158,0.0417519385985,0.540113774529
HO_NFIA_HUMAN.H10MO.C,0.144578313253,0.142674698795,0.0383144578124,0.960374228995
HO_PAX3_HUMAN.H10MO.D,0.0759493670886,0.00691139240506,0.00952218502714,4.1611158963e-13
HO_HME1_HUMAN.H10MO.D,0.0375939849624,0.00448496240602,0.00419935245325,3.10862446895e-15
HO_CREB3_HUMAN.H10MO.D,0.333333333333,0.116222222222,0.0534037729282,4.79370137907e-05
HO_TEAD4_HUMAN.H10MO.A,0.126262626263,0.0730833333333,0.0133594018864,6.87229718777e-05
HO_MIXL1_HUMAN.H10MO.D,0.0663265306122,0.00910204081633,0.00656032780238,0.0
HO_TFDP1_HUMAN.H10MO.D,0.38901139287,0.572204704153,0.00676284430389,1.35599213337e-161
HO_DDIT3_HUMAN.H10MO.C,0.0625,0.08378125,0.0289410001333,0.46213718755
HO_MAFF_HUMAN.H10MO.A,0.0394736842105,0.0137236842105,0.0131654649276,0.0504799142676
HO_NFYB_HUMAN.H10MO.A,0.498376623377,0.0942467532468,0.0120441925337,0.0
HO_PIT1_HUMAN.H10MO.C,0.0502183406114,0.00561572052402,0.00340836338191,0.0
HO_BACH1_HUMAN.H10MO.A,0.381642512077,0.12977294686,0.0224657061135,0.0
HO_MAFB_HUMAN.H10MO.D,0.12737920937,0.12303806735,0.0127901333944,0.734298363125
HO_MAF_HUMAN.H10MO.B,0.110953058321,0.0699302987198,0.00692609235339,3.16255643895e-09
HO_HNF4A_HUMAN.H10MO.A,0.0578512396694,0.0672148760331,0.0228722811976,0.682254979609
HO_CEBPD_HUMAN.H10MO.B,0.0604026845638,0.0300805369128,0.013935956781,0.0295686465428
HO_KLF1_HUMAN.H10MO.C,0.199146514936,0.254045519203,0.0169333795526,0.00118669730269
HO_THB_HUMAN.H10MO.S,0.172727272727,0.105336363636,0.0301709057491,0.0255068414315
HO_PO3F3_HUMAN.H10MO.D,0.0329474621549,0.00104363312556,0.000968289879447,0.0
HO_BHE22_HUMAN.H10MO.D,0.0277777777778,0.0110333333333,0.00781697267031,0.0321884486435
HO_MEOX2_HUMAN.H10MO.D,0.037037037037,0.00515964240102,0.0025955792522,0.0
HO_SPDEF_HUMAN.H10MO.D,0.0739299610895,0.0731945525292,0.0159994014748,0.963338342068
HO_SOX4_HUMAN.H10MO.C,0.102409638554,0.0567228915663,0.0176835130493,0.00977811663756
HO_RARG_HUMAN.H10MO.C,0.148148148148,0.154320987654,0.0288675134595,0.830676952111
HO_ID4_HUMAN.H10MO.D,0.10752688172,0.136720430108,0.0173977697142,0.0933460800842
HO_HLTF_HUMAN.H10MO.D,0.0760563380282,0.0857887323944,0.014615884596,0.505489155102
HO_RXRG_HUMAN.H10MO.B,0.114285714286,0.0515523809524,0.0211171680057,0.00297096109258
HO_MUSC_HUMAN.H10MO.D,0.0,0.0,0.0,
HO_TGIF1_HUMAN.H10MO.S,0.0982813960102,0.0840150327063,0.00175579955297,4.4408920985e-16
HO_HNF1A_HUMAN.H10MO.A,0.103448275862,0.00648850574713,0.00598462987067,0.0
HO_ZBT49_HUMAN.H10MO.D,0.115384615385,0.0357307692308,0.0359560670457,0.026738772444
HO_HTF4_HUMAN.H10MO.B,0.136051829268,0.222269054878,0.00797788621963,3.18838800173e-27
HO_LHX4_HUMAN.H10MO.D,0.0419268510259,0.00536396074933,0.00221238795151,0.0
HO_HNF1B_HUMAN.H10MO.B,0.131868131868,0.00716483516484,0.00870074332619,0.0
HO_FOSL2_HUMAN.H10MO.A,0.436873747495,0.0561963927856,0.0103264252135,0.0
HO_ESR1_HUMAN.H10MO.S,0.12037037037,0.196,0.0389040711105,0.0518950934266
HO_ETV2_HUMAN.H10MO.D,0.123923444976,0.022428708134,0.00315131342619,0.0
HO_PAX8_HUMAN.H10MO.D,0.129496402878,0.0967122302158,0.0248787245295,0.187584208993
HO_ZIC2_HUMAN.H10MO.C,0.120111731844,0.19824301676,0.0205913783162,0.000148019482006
HO_PPARA_HUMAN.H10MO.S,0.0912296667046,0.0548197019679,0.0024662561616,0.0
HO_DLX2_HUMAN.H10MO.D,0.0349581486952,0.00512850812408,0.00163218001803,0.0
HO_HBP1_HUMAN.H10MO.D,0.0490445859873,0.0210904458599,0.00375015144325,9.03721542045e-14
HO_EMX1_HUMAN.H10MO.D,0.038374717833,0.0047539503386,0.00331356984531,0.0
HO_RARG_HUMAN.H10MO.S,0.136358272363,0.0981077413264,0.00219223775904,0.0
HO_FIGLA_HUMAN.H10MO.D,0.0494699646643,0.0617667844523,0.0145201737444,0.39706296922
HO_HXA13_HUMAN.H10MO.C,0.122302158273,0.0189928057554,0.011592337053,0.0
HO_HLF_HUMAN.H10MO.C,0.0612244897959,0.0300306122449,0.0172196742229,0.070059558073
HO_DPRX_HUMAN.H10MO.D,0.142857142857,0.071,0.0441312976081,0.103470169604
HO_PO3F4_HUMAN.H10MO.D,0.0364145658263,0.00275070028011,0.00277250934292,0.0
HO_HXB3_HUMAN.H10MO.D,0.0332681017613,0.00334246575342,0.00252494420368,0.0
HO_ISL2_HUMAN.H10MO.D,0.0359281437126,0.0274371257485,0.0127212408516,0.504473405072
HO_ZFHX3_HUMAN.H10MO.D,0.024208566108,0.00263314711359,0.00220700168496,0.0
HO_SPI1_HUMAN.H10MO.A,0.114035087719,0.0349263157895,0.00768123310097,0.0
HO_CENPB_HUMAN.H10MO.D,0.0,0.0756666666667,0.148873921304,0.611270982984
HO_MTF1_HUMAN.H10MO.C,0.24,0.16668,0.0774711404331,0.343935966331
HO_GLIS2_HUMAN.H10MO.D,0.0714285714286,0.330428571429,0.123224616544,0.0355661760508
HO_GATA4_HUMAN.H10MO.B,0.0521636040308,0.0233574392413,0.00360989445943,1.55431223448e-15
HO_ZEP1_HUMAN.H10MO.D,0.0877192982456,0.121555555556,0.025165370089,0.17876855831
HO_IRF5_HUMAN.H10MO.D,0.145161290323,0.0148064516129,0.0157477183984,2.22044604925e-16
HO_SOX1_HUMAN.H10MO.D,0.025,0.007425,0.00983587184748,0.0739654768096
HO_TCF7_HUMAN.H10MO.C,0.123762376238,0.0417326732673,0.0141614446667,6.93598978252e-09
HO_TBP_HUMAN.H10MO.C,0.0846560846561,0.00956349206349,0.00517922600551,0.0
HO_ZN333_HUMAN.H10MO.D,0.0623306233062,0.0196720867209,0.00750922983354,1.34055342382e-08
HO_GATA6_HUMAN.H10MO.B,0.0707269155206,0.0112711198428,0.00476230126691,0.0
HO_HSF1_HUMAN.H10MO.A,0.0986842105263,0.0268322368421,0.00933442918055,1.37667655054e-14
HO_E2F7_HUMAN.H10MO.D,0.047619047619,0.0792857142857,0.0595671270953,0.59499397153
HO_MCR_HUMAN.H10MO.D,0.0754716981132,0.0448490566038,0.0169109181982,0.0701686038243
HO_DLX1_HUMAN.H10MO.D,0.0505263157895,0.00188,0.00196991330996,0.0
HO_NKX25_HUMAN.H10MO.C,0.0761093005766,0.055087139634,0.00167196907264,0.0
HO_JUN_HUMAN.H10MO.A,0.389181066867,0.0393636363636,0.00550004263045,0.0
HO_FOSB_HUMAN.H10MO.C,0.435582822086,0.0740874233129,0.0104605246806,0.0
HO_ETS1_HUMAN.H10MO.C,0.226993865031,0.072373006135,0.00900414079993,0.0
HO_TF2LX_HUMAN.H10MO.D,0.030303030303,0.0462424242424,0.0264492514402,0.546747775398
HO_GATA3_HUMAN.H10MO.C,0.0486991327552,0.00847965310207,0.00242442264354,0.0
HO_ANDR_HUMAN.H10MO.A,0.165048543689,0.0433349514563,0.0139984976572,0.0
HO_PO6F2_HUMAN.H10MO.D,0.0307692307692,0.0161461538462,0.0111344632645,0.189076242246
HO_ELF5_HUMAN.H10MO.D,0.0826210826211,0.0160598290598,0.00448365619376,0.0
HO_TEAD3_HUMAN.H10MO.D,0.0732265446224,0.0199084668192,0.00648772695883,2.22044604925e-16
HO_ONEC2_HUMAN.H10MO.D,0.0369003690037,0.0030147601476,0.00198165594035,0.0
HO_ELF3_HUMAN.H10MO.D,0.21875,0.06234375,0.01429230736,0.0
HO_RFX4_HUMAN.H10MO.D,0.217877094972,0.0639776536313,0.0189118283528,4.4408920985e-16
HO_TBX19_HUMAN.H10MO.D,0.0833333333333,0.0192083333333,0.0280896073605,0.0224378633866
HO_SPIC_HUMAN.H10MO.D,0.11043153245,0.187045191981,0.00752778184939,2.50015092135e-24
HO_HXA2_HUMAN.H10MO.D,0.0569620253165,0.0170696202532,0.0061792089281,1.07571951347e-10
HO_MEF2C_HUMAN.H10MO.C,0.0700876095119,0.0093491864831,0.00336321708325,0.0
HO_FOXF2_HUMAN.H10MO.D,0.0501165501166,0.0113146853147,0.00368393071534,0.0
HO_IRF7_HUMAN.H10MO.C,0.102622576967,0.0254139110604,0.00531227882801,0.0
HO_NKX31_HUMAN.H10MO.C,0.0354223433243,0.00271662125341,0.00189072350212,0.0
HO_TF7L1_HUMAN.H10MO.D,0.225,0.15725,0.059696628883,0.256415143016
HO_NOBOX_HUMAN.H10MO.C,0.060824742268,0.0176494845361,0.00412314429091,0.0
HO_MECP2_HUMAN.H10MO.C,0.223149243509,0.25070456385,0.00344548423483,1.26952772868e-15
HO_GSX2_HUMAN.H10MO.D,0.0418719211823,0.00198522167488,0.00217302807351,0.0
HO_STF1_HUMAN.H10MO.B,0.0430107526882,0.0785284178187,0.0103539311619,0.000602790845137
HO_OVOL1_HUMAN.H10MO.C,0.0564334085779,0.0420383747178,0.00941200198304,0.126156941218
HO_ZN384_HUMAN.H10MO.C,0.103448275862,0.0470827586207,0.0179695488229,0.00170846802961
HO_ZBT7B_HUMAN.H10MO.D,0.364261168385,0.267048109966,0.0254744377265,0.000135576355655
HO_HESX1_HUMAN.H10MO.D,0.166666666667,0.152090909091,0.0429313736869,0.734223338787
HO_USF1_HUMAN.H10MO.A,0.463963963964,0.139864864865,0.0232963897596,0.0
HO_ERR1_HUMAN.H10MO.D,0.0592105263158,0.208368421053,0.0163196236475,6.25750773089e-20
HO_GABP1_HUMAN.H10MO.C,0.576512455516,0.194323843416,0.024163406253,0.0
HO_MYOG_HUMAN.H10MO.D,0.111111111111,0.148633744856,0.0226860883707,0.098128913657
HO_BARX1_HUMAN.H10MO.D,0.105263157895,0.00242105263158,0.00597408994681,0.0
HO_EHF_HUMAN.H10MO.S,0.223529411765,0.0523294117647,0.0140190807525,0.0
HO_PKNX1_HUMAN.H10MO.D,0.0661478599222,0.034719844358,0.011702344172,0.00723960021532
HO_ATF1_HUMAN.H10MO.B,0.419689119171,0.0610932642487,0.0173008269334,0.0
HO_AP2B_HUMAN.H10MO.B,0.231225296443,0.407656126482,0.0214487363284,1.94057215611e-16
HO_GCR_HUMAN.H10MO.A,0.12987012987,0.0684805194805,0.0205320978798,0.00279038050261
HO_TBX15_HUMAN.H10MO.D,0.212666666667,0.486391111111,0.00745297819335,2.72276612392e-295
HO_GLI1_HUMAN.H10MO.C,0.0552995391705,0.167322580645,0.0253085271067,9.58647955859e-06
HO_COT2_HUMAN.H10MO.S,0.105263157895,0.0808026315789,0.0186308391625,0.189214881811
HO_SOX15_HUMAN.H10MO.D,0.0901293335728,0.0291464433267,0.00117606528584,0.0
HO_HXC11_HUMAN.H10MO.D,0.047619047619,0.0194285714286,0.0296439950059,0.341620867942
HO_OLIG3_HUMAN.H10MO.D,0.0406504065041,0.031406504065,0.0154219541983,0.54890690789
HO_RUNX2_HUMAN.H10MO.B,0.0892857142857,0.0518958333333,0.0121120462135,0.00202187917288
HO_FOXJ3_HUMAN.H10MO.S,0.0559314388814,0.00452368064953,0.00100163342781,0.0
HO_ESR1_HUMAN.H10MO.A,0.137931034483,0.121471264368,0.0252961740112,0.515251656924
HO_VAX1_HUMAN.H10MO.D,0.0229007633588,0.00316030534351,0.0050208121136,8.43381249267e-05
HO_PTF1A_HUMAN.H10MO.C,0.0863309352518,0.108589928058,0.0263010051225,0.397375819579
HO_SHOX_HUMAN.H10MO.D,0.0444126074499,0.00137893982808,0.000987233628391,0.0
HO_THA_HUMAN.H10MO.S,0.0833333333333,0.0949107142857,0.0163370629072,0.478537090459
HO_HXD9_HUMAN.H10MO.D,0.0669177930423,0.00758697097275,0.0012897600808,0.0
HO_MAX_HUMAN.H10MO.A,0.180722891566,0.173156626506,0.0429423281586,0.860139988632
HO_BHE41_HUMAN.H10MO.D,0.160305343511,0.227435114504,0.0363791230246,0.0649964072056
HO_AP2D_HUMAN.H10MO.D,0.2875,0.43436875,0.0387903011194,0.000152954109327
HO_KLF16_HUMAN.H10MO.D,0.282542113323,0.499194231751,0.00806875671091,8.26759798213e-159
HO_SOX7_HUMAN.H10MO.D,0.0454545454545,0.00938636363636,0.0143817312663,0.012144534569
HO_ETV6_HUMAN.H10MO.D,0.626582278481,0.0998164556962,0.0245195452581,0.0
HO_ERF_HUMAN.H10MO.D,0.0344827586207,0.0318793103448,0.0222687548713,0.90693108384
HO_IRF3_HUMAN.H10MO.C,0.107822410148,0.0317906976744,0.00791884757461,0.0
HO_LHX8_HUMAN.H10MO.D,0.035,0.006215,0.00559006037534,2.61434942583e-07
HO_GLI3_HUMAN.H10MO.B,0.0544554455446,0.142599009901,0.0248586707098,0.000391441698884
HO_NR1I2_HUMAN.H10MO.C,0.0381679389313,0.0339847328244,0.0162896113028,0.797331562316
HO_TAL1_HUMAN.H10MO.S,0.0128205128205,0.0561666666667,0.0260601608885,0.0962501858288
HO_PO4F2_HUMAN.H10MO.D,0.06,0.0115133333333,0.00862160335694,1.86739967933e-08
HO_THAP1_HUMAN.H10MO.D,0.31185031185,0.495596673597,0.0234430025975,4.57762321533e-15
HO_TFCP2_HUMAN.H10MO.D,0.146788990826,0.216697247706,0.027147438533,0.0100201632935
HO_E4F1_HUMAN.H10MO.D,0.593103448276,0.120744827586,0.0267635402516,0.0
HO_SNAI1_HUMAN.H10MO.C,0.130506245891,0.19859566075,0.00726380896557,6.99741905205e-21
HO_AIRE_HUMAN.H10MO.C,0.0614754098361,0.00991393442623,0.00635370030178,4.4408920985e-16
HO_PO6F1_HUMAN.H10MO.D,0.018691588785,0.00880373831776,0.00922650978631,0.283864543741
HO_STAT3_HUMAN.H10MO.A,0.240963855422,0.0769638554217,0.0288640503234,1.33278019732e-08
HO_GLI2_HUMAN.H10MO.B,0.0448717948718,0.151602564103,0.0283254281813,0.000164547770151
HO_KLF15_HUMAN.H10MO.D,0.131135531136,0.398884981685,0.0135690929659,1.13863656463e-86
HO_STAT2_HUMAN.H10MO.B,0.0951557093426,0.0199930795848,0.00553007431796,0.0
HO_FOXA2_HUMAN.H10MO.A,0.0993071593533,0.0195773672055,0.00655151611807,0.0
HO_HXD8_HUMAN.H10MO.D,0.0586080586081,0.0104706959707,0.0041308024598,0.0
HO_PRGR_HUMAN.H10MO.C,0.0833333333333,0.0392625,0.0128641884217,0.000612869373676
HO_XBP1_HUMAN.H10MO.C,0.15,0.077025,0.0413705737814,0.0777429358123
HO_NKX32_HUMAN.H10MO.C,0.09,0.050695,0.015200064967,0.00971408255472
HO_KLF12_HUMAN.H10MO.D,0.355212355212,0.21461003861,0.0251567273174,2.28309475769e-08
HO_EGR4_HUMAN.H10MO.D,0.393291200778,0.400169178415,0.0107448585371,0.522095870629
HO_PEBB_HUMAN.H10MO.C,0.0858725761773,0.0445685595568,0.00544911110951,3.46389583683e-14
HO_SOX2_HUMAN.H10MO.B,0.0645161290323,0.0142983870968,0.0104511617535,1.54758187354e-06
HO_LMX1B_HUMAN.H10MO.D,0.0398162327718,0.000882848392037,0.00082168612608,0.0
HO_ZN713_HUMAN.H10MO.D,0.0802997858672,0.0165770877944,0.00416868025083,0.0
HO_SOX17_HUMAN.H10MO.D,0.043956043956,0.0217252747253,0.0154725547889,0.150778458267
HO_ARNT2_HUMAN.H10MO.D,0.273255813953,0.303156976744,0.0347947270821,0.390142467897
HO_AHR_HUMAN.H10MO.B,0.142857142857,0.137333333333,0.0429537300789,0.897674906235
HO_DLX3_HUMAN.H10MO.C,0.0523560209424,0.0170209424084,0.00933641450066,0.000153923894399
HO_ELK1_HUMAN.H10MO.A,0.587525150905,0.12192555332,0.014779160455,0.0
HO_FOXA1_HUMAN.H10MO.A,0.0603550295858,0.0108213017751,0.00354185663645,0.0
HO_CDX1_HUMAN.H10MO.C,0.0458265139116,0.015338243317,0.00169365881421,0.0
HO_PO2F2_HUMAN.H10MO.D,0.0573248407643,0.00453184713376,0.00370587759425,0.0
HO_E2F2_HUMAN.H10MO.B,0.375,0.1986875,0.0965611650393,0.0678630346486
HO_HXA9_HUMAN.H10MO.D,0.0689655172414,0.019908045977,0.0149433067879,0.00102742925079
HO_MSX1_HUMAN.H10MO.D,0.0288461538462,0.00333653846154,0.00408615382805,4.29420277115e-10
HO_ATF7_HUMAN.H10MO.D,0.397435897436,0.0406025641026,0.0225258672259,0.0
HO_ARX_HUMAN.H10MO.D,0.061320754717,0.00302358490566,0.00365412018681,0.0
HO_TWST1_HUMAN.H10MO.D,0.115207373272,0.198193548387,0.018841072295,1.06010694035e-05
HO_ZEB1_HUMAN.H10MO.B,0.124879923151,0.128595581172,0.0105011751944,0.723464347863
HO_ITF2_HUMAN.H10MO.B,0.115733209389,0.176048803161,0.005783909124,1.84403462775e-25
HO_KLF6_HUMAN.H10MO.D,0.236248966088,0.395504755997,0.00482398308548,5.22751531885e-239
HO_HXD3_HUMAN.H10MO.D,0.046511627907,0.0184186046512,0.0144249048501,0.0514704934887
HO_HME2_HUMAN.H10MO.D,0.108695652174,0.0324673913043,0.0181584569964,2.69344283417e-05
HO_EVX2_HUMAN.H10MO.A,0.0656660412758,0.0122101313321,0.00459027627869,0.0
HO_KAISO_HUMAN.H10MO.S,0.174193548387,0.125374193548,0.0277625662223,0.0786693169167
HO_BHE23_HUMAN.H10MO.D,0.0666666666667,0.0571416666667,0.0207440603949,0.64611383013
HO_TF65_HUMAN.H10MO.A,0.193798449612,0.151333333333,0.0305523889515,0.164555757803
HO_ESR2_HUMAN.H10MO.A,0.137931034483,0.199913793103,0.0355689905895,0.0814023521273
HO_ZN639_HUMAN.H10MO.D,0.665816326531,0.351767857143,0.0240994549614,0.0
HO_CLOCK_HUMAN.H10MO.D,0.194915254237,0.334196610169,0.0193797105273,6.62460157571e-13
HO_ETV5_HUMAN.H10MO.D,0.132841328413,0.0569483394834,0.0139322771102,5.11464428588e-08
HO_EGR1_HUMAN.H10MO.A,0.225965177896,0.412325510977,0.00979637794214,1.09186780309e-80
HO_HXD4_HUMAN.H10MO.D,0.0507716394543,0.0103381793782,0.00151815892662,0.0
HO_PAX4_HUMAN.H10MO.D,0.0544217687075,0.00796598639456,0.0072752836022,1.70921499176e-10
HO_WT1_HUMAN.H10MO.D,0.296819787986,0.472597173145,0.0113293781577,2.73849221328e-54
HO_RREB1_HUMAN.H10MO.D,0.132478632479,0.237129273504,0.0135126045636,9.58316405212e-15
HO_IRF8_HUMAN.H10MO.D,0.103837471783,0.0318103837472,0.00829445514978,0.0
HO_HIF1A_HUMAN.H10MO.A,0.448979591837,0.246346938776,0.0614687610072,0.000978926117285
HO_NF2L2_HUMAN.H10MO.D,0.317796610169,0.0783644067797,0.0180181748551,0.0
HO_HXB2_HUMAN.H10MO.D,0.0658682634731,0.0231077844311,0.0115105942031,0.000203299949473
HO_HES7_HUMAN.H10MO.D,0.111455108359,0.228417956656,0.0243848409849,1.61430291082e-06
HO_GSC_HUMAN.H10MO.D,0.0833333333333,0.0451333333333,0.0186728858687,0.0407812702637
HO_EVX1_HUMAN.H10MO.D,0.0283505154639,0.00215206185567,0.00226712581104,0.0
HO_UBIP1_HUMAN.H10MO.D,0.0913354043412,0.0778818734047,0.00120581367119,0.0
HO_KAISO_HUMAN.H10MO.A,0.679012345679,0.275604938272,0.0494675567504,4.4408920985e-16
HO_FOXB1_HUMAN.H10MO.D,0.0386740331492,0.00547513812155,0.00547189806623,1.30189770076e-09
HO_NR1I2_HUMAN.H10MO.S,0.0705882352941,0.0299145658263,0.00201450956555,0.0
HO_COE1_HUMAN.H10MO.A,0.0895953757225,0.192661849711,0.0208573783079,7.7528791684e-07
HO_HAND1_HUMAN.H10MO.D,0.0830564784053,0.0804551495017,0.0159010662852,0.87005027991
HO_TEF_HUMAN.H10MO.D,0.0639097744361,0.00912030075188,0.00574650099882,0.0
HO_GLIS1_HUMAN.H10MO.D,0.190476190476,0.24419047619,0.0939630843709,0.567557033719
HO_HXD12_HUMAN.H10MO.D,0.0460385438972,0.00731798715203,0.00285121914122,0.0
HO_TLX1_HUMAN.H10MO.S,0.114695340502,0.124913978495,0.0194577111473,0.599463880826
HO_STAT6_HUMAN.H10MO.C,0.0672782874618,0.0244892966361,0.0086517517806,7.58697354941e-07
HO_PAX7_HUMAN.H10MO.D,0.0674157303371,0.00615730337079,0.00833050408564,1.93178806285e-13
HO_ZBT18_HUMAN.H10MO.D,0.0869565217391,0.0791014492754,0.0328708815523,0.811130782151
HO_LHX6_HUMAN.H10MO.D,0.00900900900901,0.00266666666667,0.00540828751993,0.24091289984
HO_FOXO1_HUMAN.H10MO.C,0.0656455142232,0.00580278993435,0.000871666485501,0.0
HO_LEF1_HUMAN.H10MO.C,0.0803735532264,0.0295701654165,0.00120909549324,0.0
HO_FOXJ3_HUMAN.H10MO.A,0.061135371179,0.00492212518195,0.00133732134185,0.0
